name,num_simulations,solution_id,time_to_solve,sse,extraction_duration,infusion_duration,infusion_pressure,p0,p1,p2,p3,p4
Diagnostics_100_01JUN2021_1482,3888,1482,0:00:00.487996 hh:mm:ss,6.64728,27.6,7,1,7,8,5,5,5
Diagnostics_101_02JUN2021_675,2700,675,0:00:00.297205 hh:mm:ss,5.959691,22.4,6,1,4,8,7,6,5
Diagnostics_102_03JUN2021_716,2304,716,0:00:00.261300 hh:mm:ss,11.148615,29.7,9,1,9,8,5,6,5
Diagnostics_103_04JUN2021_544,1536,544,0:00:00.164559 hh:mm:ss,7.124528,24.7,6,1,5,8,6,6,5
Diagnostics_104_05JUN2021_1944,2592,1944,0:00:00.278765 hh:mm:ss,6.864594,24.6,7,1,5,8,7,6,6
Diagnostics_105_14JUN2021_900,2160,900,0:00:00.241004 hh:mm:ss,6.658525,21.7,6,1,5,8,8,6,6
Diagnostics_106_15JUN2021_1760,4050,1760,0:00:00.428200 hh:mm:ss,6.089335,21.0,7,1,6,8,8,5,6
Diagnostics_107_17JUN2021_410,2400,410,0:00:00.261816 hh:mm:ss,8.03793,27.5,6,1,7,8,7,5,5
Diagnostics_108_18JUN2021_448,3024,448,0:00:00.343772 hh:mm:ss,7.032032,24.1,7,1,7,8,6,5,5
Diagnostics_109_19JUN2021_1096,1440,1096,0:00:00.169334 hh:mm:ss,7.314711,24.0,7,1,6,8,7,6,6
Diagnostics_10_05FEB2021_618,2592,618,0:00:00.275607 hh:mm:ss,5.112923,20.3,6,1,7,8,6,6,5
Diagnostics_110_20JUN2021_736,1152,736,0:00:00.158576 hh:mm:ss,6.517029,21.4,6,1,5,8,7,5,6
Diagnostics_111_21JUN2021_1393,4536,1393,0:00:00.497671 hh:mm:ss,6.283634,23.8,7,1,8,8,8,6,5
Diagnostics_112_22JUN2021_492,2880,492,0:00:00.309479 hh:mm:ss,7.567401,26.0,7,1,7,8,7,5,5
Diagnostics_113_23JUN2021_1656,2592,1656,0:00:00.274052 hh:mm:ss,7.671234,25.4,6,1,5,8,8,5,6
Diagnostics_114_24JUN2021_1295,1920,1295,0:00:00.207184 hh:mm:ss,8.294936,26.5,7,1,7,8,7,5,6
Diagnostics_115_25JUN2021_1410,1728,1410,0:00:00.185766 hh:mm:ss,6.218959,23.5,7,1,7,8,8,6,6
Diagnostics_116_28JUN2021_2610,4320,2610,0:00:00.487979 hh:mm:ss,8.301952,23.8,7,1,5,9,8,5,6
Diagnostics_117_29JUN2021_432,1728,432,0:00:00.181527 hh:mm:ss,7.377762,19.6,7,1,5,7,8,7,5
Diagnostics_118_29JUN2021_3600,7290,3600,0:00:00.787268 hh:mm:ss,6.674678,22.6,5,1,4,8,8,6,5
Diagnostics_119_30JUN2021_3330,8100,3330,0:00:00.873105 hh:mm:ss,10.685325,25.9,6,1,5,8,7,5,5
Diagnostics_11_07FEB2021_301,2688,301,0:00:00.291068 hh:mm:ss,5.804932,25.8,6,1,8,8,6,5,5
Diagnostics_120_01JUL2021_1536,4032,1536,0:00:00.438827 hh:mm:ss,9.842342,29.8,6,1,6,9,5,5,5
Diagnostics_121_03JUL2021_4522,6048,4522,0:00:00.676192 hh:mm:ss,10.130087,37.4,7,1,9,6,5,5,5
Diagnostics_122_04JUL2021_376,2400,376,0:00:00.263224 hh:mm:ss,9.010984,23.3,6,2,4,8,7,5,5
Diagnostics_123_05JUL2021_1175,2880,1175,0:00:00.313165 hh:mm:ss,8.116153,27.3,7,1,7,8,6,5,5
Diagnostics_124_06JUL2021_368,1440,368,0:00:00.155584 hh:mm:ss,6.863338,22.9,7,1,5,8,7,6,5
Diagnostics_125_07JUL2021_936,1280,936,0:00:00.138822 hh:mm:ss,6.948383,21.7,6,1,6,8,8,6,6
Diagnostics_126_08JUL2021_648,2592,648,0:00:00.277187 hh:mm:ss,7.410583,23.6,6,1,5,8,7,6,5
Diagnostics_127_09JUL2021_1610,3600,1610,0:00:00.384029 hh:mm:ss,6.982273,24.5,7,1,6,8,7,5,5
Diagnostics_128_11JUL2021_1415,2160,1415,0:00:00.227392 hh:mm:ss,7.826778,24.5,7,1,7,8,8,5,6
Diagnostics_129_12JUL2021_1482,1944,1482,0:00:00.202458 hh:mm:ss,7.773902,20.4,7,1,7,8,7,6,6
Diagnostics_12_08FEB2021_2346,3888,2346,0:00:00.422211 hh:mm:ss,6.609589,30.1,6,1,8,9,7,5,6
Diagnostics_130_13JUL2021_2060,2700,2060,0:00:00.304361 hh:mm:ss,7.200181,23.5,7,1,6,8,7,6,6
Diagnostics_131_14JUL2021_1944,2592,1944,0:00:00.309078 hh:mm:ss,6.775009,23.3,6,1,5,8,7,6,6
Diagnostics_132_15JUL2021_1266,1728,1266,0:00:00.182102 hh:mm:ss,7.079205,21.9,7,1,7,8,8,6,6
Diagnostics_133_16JUL2021_1701,2268,1701,0:00:00.244379 hh:mm:ss,8.340337,23.1,6,1,6,8,7,6,6
Diagnostics_134_17JUL2021_1780,2688,1780,0:00:00.283993 hh:mm:ss,8.55966,26.3,7,1,8,8,7,5,6
Diagnostics_135_18JUL2021_560,1800,560,0:00:00.190490 hh:mm:ss,6.315202,20.3,7,1,6,8,8,7,6
Diagnostics_136_19JUL2021_825,2700,825,0:00:00.293231 hh:mm:ss,7.157047,24.1,6,1,4,8,8,6,5
Diagnostics_137_20JUL2021_1610,2400,1610,0:00:00.254320 hh:mm:ss,7.513768,24.9,6,1,6,8,7,5,6
Diagnostics_138_21JUL2021_805,3024,805,0:00:00.330143 hh:mm:ss,7.997232,23.9,7,1,8,8,7,6,5
Diagnostics_139_22JUL2021_1590,1944,1590,0:00:00.213316 hh:mm:ss,8.035915,21.9,7,1,7,8,8,6,6
Diagnostics_13_09FEB2021_1340,3456,1340,0:00:00.384681 hh:mm:ss,9.330838,29.0,6,1,9,9,7,5,5
Diagnostics_140_23JUL2021_1986,2592,1986,0:00:00.272272 hh:mm:ss,6.303803,20.5,7,1,7,8,7,6,6
Diagnostics_141_01AUG2021_1968,2592,1968,0:00:00.304187 hh:mm:ss,6.341551,19.4,7,1,6,8,7,6,6
Diagnostics_142_02AUG2021_1032,1728,1032,0:00:00.179521 hh:mm:ss,6.251726,17.8,7,1,6,7,8,5,6
Diagnostics_143_03AUG2021_448,2304,448,0:00:00.243330 hh:mm:ss,6.529275,17.8,7,1,5,8,8,6,5
Diagnostics_144_04AUG2021_1400,3456,1400,0:00:00.364546 hh:mm:ss,8.125071,25.7,7,1,8,8,6,5,5
Diagnostics_145_05AUG2021_1400,2160,1400,0:00:00.231901 hh:mm:ss,7.191258,22.5,7,1,6,8,8,5,6
Diagnostics_146_06AUG2021_217,2016,217,0:00:00.215441 hh:mm:ss,6.565778,22.9,7,1,7,8,6,5,5
Diagnostics_147_08AUG2021_710,2700,710,0:00:00.304186 hh:mm:ss,5.855244,20.4,6,1,6,8,7,6,5
Diagnostics_148_09AUG2021_1032,2592,1032,0:00:00.273292 hh:mm:ss,6.388611,18.0,7,1,6,7,8,6,6
Diagnostics_149_10AUG2021_750,2400,750,0:00:00.256340 hh:mm:ss,5.400974,17.1,6,1,4,7,8,7,5
Diagnostics_14_10FEB2021_1950,2700,1950,0:00:00.315162 hh:mm:ss,6.106445,25.1,6,1,4,7,7,6,6
Diagnostics_150_11AUG2021_1024,1536,1024,0:00:00.160833 hh:mm:ss,7.985894,21.2,6,1,5,8,7,6,6
Diagnostics_151_12AUG2021_1685,2400,1685,0:00:00.252325 hh:mm:ss,6.014289,17.6,7,1,6,7,8,6,6
Diagnostics_152_16AUG2021_1435,2268,1435,0:00:00.237389 hh:mm:ss,7.906919,20.6,7,1,8,7,8,5,6
Diagnostics_153_17AUG2021_1648,2160,1648,0:00:00.238378 hh:mm:ss,6.804961,20.8,7,1,6,8,7,6,6
Diagnostics_154_18AUG2021_186,1728,186,0:00:00.183881 hh:mm:ss,5.658078,26.6,10,1,7,8,6,5,5
Diagnostics_155_19AUG2021_360,1440,360,0:00:00.156322 hh:mm:ss,6.043495,20.7,7,1,4,6,7,6,5
Diagnostics_156_20AUG2021_378,1296,378,0:00:00.138631 hh:mm:ss,7.099669,21.9,7,1,5,7,7,6,5
Diagnostics_157_21AUG2021_1014,1944,1014,0:00:00.205473 hh:mm:ss,7.815597,20.7,8,1,7,6,7,6,5
Diagnostics_158_22AUG2021_510,1944,510,0:00:00.230383 hh:mm:ss,7.297576,22.0,8,1,6,7,6,5,4
Diagnostics_159_23AUG2021_395,1920,395,0:00:00.198469 hh:mm:ss,7.324017,21.0,8,1,6,6,7,5,4
Diagnostics_15_12FEB2021_1158,1728,1158,0:00:00.197035 hh:mm:ss,5.400989,22.6,6,1,7,8,7,5,6
Diagnostics_160_24AUG2021_860,2160,860,0:00:00.223680 hh:mm:ss,6.107228,18.9,7,1,5,6,7,5,4
Diagnostics_161_25AUG2021_330,2304,330,0:00:00.246135 hh:mm:ss,6.847875,18.9,7,1,7,7,7,5,5
Diagnostics_162_26AUG2021_1640,2160,1640,0:00:00.225921 hh:mm:ss,5.792104,18.1,7,1,5,7,6,5,5
Diagnostics_163_27AUG2021_240,1440,240,0:00:00.151620 hh:mm:ss,5.406452,19.3,7,1,4,6,6,6,5
Diagnostics_164_29AUG2021_288,864,288,0:00:00.096743 hh:mm:ss,5.783597,19.3,7,1,5,5,5,5,5
Diagnostics_165_30AUG2021_658,3024,658,0:00:00.317852 hh:mm:ss,8.047703,19.6,7,1,7,8,9,7,5
Diagnostics_166_31AUG2021_1698,2304,1698,0:00:00.242303 hh:mm:ss,5.752386,18.4,6,1,7,8,8,6,6
Diagnostics_167_01SEP2021_344,1536,344,0:00:00.168878 hh:mm:ss,6.495485,18.5,7,1,4,8,8,6,5
Diagnostics_168_03SEP2021_564,2916,564,0:00:00.307221 hh:mm:ss,7.376863,18.5,7,1,7,8,8,7,5
Diagnostics_169_04SEP2021_1260,2880,1260,0:00:00.300849 hh:mm:ss,8.783995,17.4,8,1,4,6,8,8,6
Diagnostics_16_13FEB2021_2060,2700,2060,0:00:00.286458 hh:mm:ss,5.050335,20.6,6,1,6,8,7,6,6
Diagnostics_170_05SEP2021_540,4320,540,0:00:00.452762 hh:mm:ss,6.747797,18.6,6,1,4,8,9,7,5
Diagnostics_171_06SEP2021_1808,2688,1808,0:00:00.280276 hh:mm:ss,8.595249,18.8,6,1,5,9,7,5,5
Diagnostics_172_07SEP2021_1016,2304,1016,0:00:00.241361 hh:mm:ss,6.412219,18.5,6,1,4,8,7,5,5
Diagnostics_173_08SEP2021_1368,2592,1368,0:00:00.293813 hh:mm:ss,7.388019,17.1,6,1,5,8,8,6,5
Diagnostics_174_09SEP2021_1650,3600,1650,0:00:00.379983 hh:mm:ss,7.632865,17.9,6,1,4,7,8,6,5
Diagnostics_175_13SEP2021_1152,4320,1152,0:00:00.449795 hh:mm:ss,7.747442,18.2,6,1,5,8,9,7,5
Diagnostics_176_14SEP2021_2120,4320,2120,0:00:00.478283 hh:mm:ss,7.406486,23.9,7,1,6,8,5,5,5
Diagnostics_177_15SEP2021_288,1280,288,0:00:00.140628 hh:mm:ss,9.46218,23.1,7,1,5,8,8,6,5
Diagnostics_178_16SEP2021_1460,1800,1460,0:00:00.190494 hh:mm:ss,7.176186,22.9,7,1,6,8,8,6,6
Diagnostics_179_17SEP2021_1725,3600,1725,0:00:00.412870 hh:mm:ss,9.236515,23.2,6,1,4,8,8,6,5
Diagnostics_17_13FEB2021_1554,2304,1554,0:00:00.240357 hh:mm:ss,4.899422,19.6,6,1,7,8,7,5,6
Diagnostics_180_18SEP2021_455,1440,455,0:00:00.154562 hh:mm:ss,7.417982,20.9,6,1,7,8,8,7,5
Diagnostics_181_20SEP2021_385,4032,385,0:00:00.428858 hh:mm:ss,7.158214,23.1,6,1,8,8,8,5,5
Diagnostics_182_21SEP2021_395,1920,395,0:00:00.215578 hh:mm:ss,7.817138,21.6,7,1,7,7,8,6,5
Diagnostics_183_22SEP2021_2436,3024,2436,0:00:00.324206 hh:mm:ss,8.754022,22.6,6,1,6,8,8,6,6
Diagnostics_184_23SEP2021_1905,4320,1905,0:00:00.465781 hh:mm:ss,9.893161,28.7,6,1,5,8,7,5,5
Diagnostics_185_24SEP2021_1275,6480,1275,0:00:00.702179 hh:mm:ss,10.34408,29.4,6,1,5,8,7,6,5
Diagnostics_186_25SEP2021_1220,4860,1220,0:00:00.536476 hh:mm:ss,9.199368,26.5,7,1,7,8,7,6,5
Diagnostics_187_26SEP2021_1220,6480,1220,0:00:00.693524 hh:mm:ss,8.611052,24.7,7,1,7,8,8,6,5
Diagnostics_188_27SEP2021_1425,2400,1425,0:00:00.255157 hh:mm:ss,9.107636,24.6,7,1,5,8,8,5,6
Diagnostics_189_28SEP2021_2430,5400,2430,0:00:00.606355 hh:mm:ss,10.651175,29.8,7,1,4,9,8,5,5
Diagnostics_18_14FEB2021_1070,2700,1070,0:00:00.280250 hh:mm:ss,5.380259,19.1,5,1,5,8,6,6,5
Diagnostics_190_05OCT2021_469,5040,469,0:00:00.568483 hh:mm:ss,12.680345,34.6,10,1,8,9,6,5,5
Diagnostics_191_06OCT2021_4935,11340,4935,0:00:01.240438 hh:mm:ss,10.284434,32.7,6,1,4,10,5,4,4
Diagnostics_192_07OCT2021_8415,17010,8415,0:00:01.928792 hh:mm:ss,12.623127,31.1,7,1,5,10,6,5,5
Diagnostics_193_09OCT2021_296,1280,296,0:00:00.133643 hh:mm:ss,9.186499,25.1,7,1,6,8,8,6,5
Diagnostics_194_10OCT2021_1200,1792,1200,0:00:00.195478 hh:mm:ss,10.056588,24.7,7,1,6,8,7,5,6
Diagnostics_195_11OCT2021_1725,3600,1725,0:00:00.384371 hh:mm:ss,8.449191,25.5,6,1,4,8,8,6,5
Diagnostics_196_12OCT2021_1280,2160,1280,0:00:00.228486 hh:mm:ss,8.389511,24.4,7,1,6,8,7,5,6
Diagnostics_197_13OCT2021_264,1536,264,0:00:00.168414 hh:mm:ss,8.853628,26.6,6,1,6,8,7,5,5
Diagnostics_198_14OCT2021_400,576,400,0:00:00.060842 hh:mm:ss,5.384685,13.7,7,1,5,4,4,4,4
Diagnostics_199_20OCT2021_180,480,180,0:00:00.048869 hh:mm:ss,5.482827,14.9,6,1,5,5,6,6,5
Diagnostics_19_15FEB2021_1656,2304,1656,0:00:00.248337 hh:mm:ss,5.548943,18.0,4,1,5,8,8,5,6
Diagnostics_1_29JAN2021_880,2304,880,0:00:00.246379 hh:mm:ss,8.33754,22.5,4,1,6,8,6,6,5
Diagnostics_200_21OCT2021_1760,3024,1760,0:00:00.333427 hh:mm:ss,9.154995,22.6,6,1,6,8,8,5,6
Diagnostics_201_23OCT2021_1656,2304,1656,0:00:00.246368 hh:mm:ss,8.732565,22.3,7,1,5,8,8,6,6
Diagnostics_202_25OCT2021_2800,4320,2800,0:00:00.477381 hh:mm:ss,10.107207,22.9,7,1,6,8,8,6,6
Diagnostics_203_26OCT2021_2696,5184,2696,0:00:00.548533 hh:mm:ss,8.545698,27.0,7,1,8,8,7,5,5
Diagnostics_204_27OCT2021_216,1440,216,0:00:00.154613 hh:mm:ss,10.247535,24.1,7,1,6,8,8,5,5
Diagnostics_205_28OCT2021_637,2688,637,0:00:00.293217 hh:mm:ss,8.790647,23.6,7,1,8,8,8,6,5
Diagnostics_206_29OCT2021_950,4320,950,0:00:00.458856 hh:mm:ss,9.433761,27.7,7,1,7,8,8,6,5
Diagnostics_207_30OCT2021_1040,1536,1040,0:00:00.163096 hh:mm:ss,8.552514,25.9,7,1,8,8,7,5,6
Diagnostics_208_01NOV2021_975,3600,975,0:00:00.382158 hh:mm:ss,6.707318,24.9,5,1,4,8,8,6,5
Diagnostics_209_02NOV2021_832,1152,832,0:00:00.127527 hh:mm:ss,9.081822,26.1,6,1,5,8,8,5,6
Diagnostics_20_16FEB2021_469,2016,469,0:00:00.214369 hh:mm:ss,4.82558,17.5,6,1,7,8,8,6,5
Diagnostics_210_03NOV2021_630,2880,630,0:00:00.307922 hh:mm:ss,7.883255,26.1,5,1,4,8,8,5,5
Diagnostics_211_04NOV2021_260,1800,260,0:00:00.188471 hh:mm:ss,8.949866,25.2,6,1,6,8,8,5,5
Diagnostics_212_05NOV2021_1725,2700,1725,0:00:00.314160 hh:mm:ss,7.873852,25.6,5,1,4,8,8,5,6
Diagnostics_213_06NOV2021_3635,5400,3635,0:00:00.571313 hh:mm:ss,9.162845,25.7,7,1,6,8,8,5,6
Diagnostics_214_07NOV2021_2430,3600,2430,0:00:00.383465 hh:mm:ss,7.110399,21.9,5,1,4,9,8,5,6
Diagnostics_215_08NOV2021_2175,3600,2175,0:00:00.388961 hh:mm:ss,9.915644,25.4,8,1,4,8,8,5,6
Diagnostics_216_09NOV2021_3281,6480,3281,0:00:00.709445 hh:mm:ss,11.654944,25.6,7,2,5,9,8,6,6
Diagnostics_217_11NOV2021_1932,2880,1932,0:00:00.305487 hh:mm:ss,9.754498,26.8,8,1,7,8,7,5,6
Diagnostics_218_12NOV2021_1504,3888,1504,0:00:00.420911 hh:mm:ss,10.682297,25.7,7,1,6,8,8,5,6
Diagnostics_219_13NOV2021_3096,5832,3096,0:00:00.625715 hh:mm:ss,8.468229,25.6,6,1,5,8,8,6,6
Diagnostics_21_17FEB2021_637,1008,637,0:00:00.105720 hh:mm:ss,6.25036,18.9,6,1,7,8,6,5,6
Diagnostics_220_14NOV2021_3872,8505,3872,0:00:00.908333 hh:mm:ss,9.007471,22.1,8,2,7,8,9,6,6
Diagnostics_221_15NOV2021_441,3072,441,0:00:00.327126 hh:mm:ss,8.714213,22.7,7,2,5,9,8,8,4
Diagnostics_222_16NOV2021_630,2880,630,0:00:00.311674 hh:mm:ss,8.142545,23.3,6,1,4,8,8,6,5
Diagnostics_223_17NOV2021_2510,5400,2510,0:00:00.573006 hh:mm:ss,7.945198,22.6,7,1,6,8,8,7,6
Diagnostics_224_18NOV2021_852,4860,852,0:00:00.525637 hh:mm:ss,8.892674,20.7,7,1,7,9,8,7,6
Diagnostics_225_19NOV2021_2071,3240,2071,0:00:00.351062 hh:mm:ss,8.955613,23.6,6,2,5,9,9,6,7
Diagnostics_226_20NOV2021_1408,1728,1408,0:00:00.180544 hh:mm:ss,8.844545,21.7,7,1,5,8,8,6,7
Diagnostics_227_21NOV2021_672,4032,672,0:00:00.435685 hh:mm:ss,8.372089,20.8,7,1,6,8,8,6,5
Diagnostics_228_29NOV2021_2922,4320,2922,0:00:00.490662 hh:mm:ss,8.513232,24.4,7,1,8,8,8,5,6
Diagnostics_229_30NOV2021_168,2592,168,0:00:00.275294 hh:mm:ss,7.76054,21.1,7,1,7,8,8,6,6
Diagnostics_22_18FEB2021_1536,2304,1536,0:00:00.251333 hh:mm:ss,5.605838,19.3,6,1,6,8,7,5,6
Diagnostics_230_01DEC2021_1392,4320,1392,0:00:00.454785 hh:mm:ss,9.433518,21.6,8,1,7,8,8,7,5
Diagnostics_231_02DEC2021_637,6048,637,0:00:00.654252 hh:mm:ss,7.943712,21.9,7,1,8,8,8,7,5
Diagnostics_232_03DEC2021_1760,2160,1760,0:00:00.231382 hh:mm:ss,6.024108,18.8,7,1,5,8,8,6,6
Diagnostics_233_04DEC2021_648,2592,648,0:00:00.268709 hh:mm:ss,7.485005,20.6,6,1,5,8,7,6,5
Diagnostics_234_05DEC2021_1840,2880,1840,0:00:00.305068 hh:mm:ss,6.751265,19.6,6,1,5,9,7,5,6
Diagnostics_235_06DEC2021_1701,2268,1701,0:00:00.239939 hh:mm:ss,8.64537,19.5,7,1,6,8,8,8,8
Diagnostics_236_07DEC2021_528,2592,528,0:00:00.269305 hh:mm:ss,8.417489,20.5,7,1,7,8,8,7,5
Diagnostics_237_08DEC2021_1160,2700,1160,0:00:00.292219 hh:mm:ss,7.292893,20.3,7,1,6,8,8,6,6
Diagnostics_238_09DEC2021_860,2400,860,0:00:00.277350 hh:mm:ss,6.687319,19.1,7,1,6,8,8,7,5
Diagnostics_239_10DEC2021_1685,5400,1685,0:00:00.573043 hh:mm:ss,7.478866,21.0,8,1,6,8,8,7,5
Diagnostics_23_19FEB2021_1696,2304,1696,0:00:00.256234 hh:mm:ss,7.005208,20.6,6,1,5,8,6,6,6
Diagnostics_240_11DEC2021_448,2304,448,0:00:00.244419 hh:mm:ss,6.430923,20.6,7,1,5,8,8,6,5
Diagnostics_241_19DEC2021_2760,4320,2760,0:00:00.463785 hh:mm:ss,8.630747,24.7,7,1,7,9,7,5,6
Diagnostics_242_29DEC2021_632,896,632,0:00:00.096740 hh:mm:ss,8.255767,19.0,5,1,5,9,9,8,9
Diagnostics_243_30DEC2021_847,3402,847,0:00:00.384996 hh:mm:ss,8.064364,20.0,7,1,7,8,8,8,6
Diagnostics_244_30DEC2021_2060,2880,2060,0:00:00.301221 hh:mm:ss,5.350365,19.3,6,1,5,7,8,6,6
Diagnostics_245_31DEC2021_2716,4032,2716,0:00:00.418511 hh:mm:ss,7.276177,19.5,7,1,7,9,7,5,6
Diagnostics_246_01JAN2022_1352,2304,1352,0:00:00.239768 hh:mm:ss,6.283923,19.0,7,1,9,8,9,6,6
Diagnostics_247_02JAN2022_4648,6048,4648,0:00:00.639959 hh:mm:ss,5.96325,19.4,7,1,8,9,8,6,6
Diagnostics_248_04JAN2022_540,2880,540,0:00:00.301051 hh:mm:ss,7.102802,20.1,6,1,4,8,9,7,6
Diagnostics_249_05JAN2022_1572,4320,1572,0:00:00.457776 hh:mm:ss,8.131279,21.0,7,1,7,9,6,6,5
Diagnostics_24_21FEB2021_3008,3888,3008,0:00:00.409767 hh:mm:ss,8.233462,18.7,6,1,9,9,7,6,7
Diagnostics_250_06JAN2022_1626,2592,1626,0:00:00.276273 hh:mm:ss,6.241123,19.4,6,1,7,7,8,5,6
Diagnostics_251_07JAN2022_1104,3456,1104,0:00:00.366021 hh:mm:ss,8.446596,21.8,7,1,7,9,5,6,5
Diagnostics_252_08JAN2022_2105,4860,2105,0:00:00.522796 hh:mm:ss,7.38116,19.8,7,1,6,9,7,6,6
Diagnostics_253_09JAN2022_1860,4320,1860,0:00:00.476351 hh:mm:ss,8.941718,18.7,7,1,5,8,8,6,6
Diagnostics_254_10JAN2022_420,2160,420,0:00:00.231444 hh:mm:ss,10.3219,19.3,7,1,5,8,8,7,5
Diagnostics_255_11JAN2022_1575,2700,1575,0:00:00.286036 hh:mm:ss,7.099253,18.0,6,1,4,7,8,6,6
Diagnostics_256_12JAN2022_120,720,120,0:00:00.074826 hh:mm:ss,8.022582,17.8,8,1,4,5,6,5,5
Diagnostics_257_13JAN2022_450,2700,450,0:00:00.278288 hh:mm:ss,8.446104,18.3,7,1,4,7,8,7,5
Diagnostics_258_14JAN2022_1386,2016,1386,0:00:00.212432 hh:mm:ss,8.863117,19.7,6,1,6,7,8,5,6
Diagnostics_259_15JAN2022_3675,5400,3675,0:00:00.590508 hh:mm:ss,7.272196,18.6,6,1,4,8,8,6,6
Diagnostics_25_22FEB2021_1897,4536,1897,0:00:00.470301 hh:mm:ss,5.689667,20.0,6,1,8,8,7,6,6
Diagnostics_260_16JAN2022_3420,12960,3420,0:00:01.366647 hh:mm:ss,9.51144,19.8,6,1,4,8,8,7,2
Diagnostics_261_17JAN2022_928,1280,928,0:00:00.131648 hh:mm:ss,7.642739,19.4,7,1,5,8,8,6,6
Diagnostics_262_18JAN2022_504,2592,504,0:00:00.271876 hh:mm:ss,8.76887,18.4,7,1,5,8,8,7,5
Diagnostics_263_19JAN2022_384,1152,384,0:00:00.124666 hh:mm:ss,11.832905,18.0,9,1,4,6,7,6,4
Diagnostics_264_20JAN2022_2100,4050,2100,0:00:00.454076 hh:mm:ss,9.366165,19.1,8,1,4,7,8,6,6
Diagnostics_265_21JAN2022_1275,1800,1275,0:00:00.192143 hh:mm:ss,6.496826,19.8,6,1,4,8,7,6,6
Diagnostics_266_22JAN2022_540,2880,540,0:00:00.301450 hh:mm:ss,10.032174,18.1,8,1,4,6,8,6,5
Diagnostics_267_23JAN2022_2100,2700,2100,0:00:00.291377 hh:mm:ss,9.450171,19.3,8,1,4,7,8,6,6
Diagnostics_268_24JAN2022_1088,1536,1088,0:00:00.163588 hh:mm:ss,11.081466,18.5,8,1,4,7,8,6,6
Diagnostics_269_25JAN2022_1441,3240,1441,0:00:00.349082 hh:mm:ss,13.026129,19.0,10,2,4,6,8,6,6
Diagnostics_26_27FEB2021_608,1440,608,0:00:00.149115 hh:mm:ss,5.06545,17.1,6,1,5,8,8,6,6
Diagnostics_270_27JAN2022_1112,1728,1112,0:00:00.177896 hh:mm:ss,10.479927,18.7,8,1,4,8,8,5,6
Diagnostics_271_28JAN2022_901,2880,901,0:00:00.308568 hh:mm:ss,13.48263,19.2,9,2,4,6,8,7,5
Diagnostics_272_29JAN2022_315,720,315,0:00:00.074826 hh:mm:ss,12.294522,17.6,9,1,4,6,6,6,5
Diagnostics_273_03FEB2022_406,2016,406,0:00:00.215425 hh:mm:ss,9.629838,18.3,8,1,7,7,8,6,5
Diagnostics_274_04FEB2022_882,2268,882,0:00:00.238362 hh:mm:ss,8.759689,16.3,6,1,6,7,8,6,6
Diagnostics_275_05FEB2022_270,720,270,0:00:00.117193 hh:mm:ss,9.452135,18.7,8,1,4,5,6,6,5
Diagnostics_276_06FEB2022_540,1296,540,0:00:00.132671 hh:mm:ss,10.863045,18.0,8,1,5,6,6,6,6
Diagnostics_277_07FEB2022_1980,4860,1980,0:00:00.512822 hh:mm:ss,8.744207,19.0,8,1,5,8,8,6,6
Diagnostics_278_08FEB2022_936,3456,936,0:00:00.357718 hh:mm:ss,9.224284,20.4,7,1,6,9,8,6,5
Diagnostics_279_10FEB2022_3725,4860,3725,0:00:00.527589 hh:mm:ss,7.885514,19.3,7,1,6,9,7,6,6
Diagnostics_27_27FEB2021_1640,2160,1640,0:00:00.223403 hh:mm:ss,5.541253,16.3,5,1,6,8,7,6,6
Diagnostics_280_11FEB2022_1650,2400,1650,0:00:00.256449 hh:mm:ss,8.859818,17.3,7,1,4,7,8,6,6
Diagnostics_281_14FEB2022_3690,4860,3690,0:00:00.505706 hh:mm:ss,8.890012,21.0,7,1,5,9,7,6,6
Diagnostics_282_15FEB2022_3870,4860,3870,0:00:00.519638 hh:mm:ss,8.801862,20.7,6,1,5,8,8,6,6
Diagnostics_283_16FEB2022_720,2304,720,0:00:00.247339 hh:mm:ss,9.644795,17.6,6,1,5,7,8,7,5
Diagnostics_284_17FEB2022_861,2160,861,0:00:00.232407 hh:mm:ss,11.488064,20.1,9,2,6,8,6,6,5
Diagnostics_285_18FEB2022_375,2400,375,0:00:00.256288 hh:mm:ss,7.253275,20.0,6,1,4,8,7,5,5
Diagnostics_286_19FEB2022_1200,1440,1200,0:00:00.187472 hh:mm:ss,8.351809,23.8,9,1,4,7,5,6,6
Diagnostics_287_20FEB2022_856,1080,856,0:00:00.119799 hh:mm:ss,13.158249,21.8,10,2,4,6,6,6,6
Diagnostics_288_21FEB2022_1320,1440,1320,0:00:00.151594 hh:mm:ss,7.744863,20.6,7,1,4,6,6,6,6
Diagnostics_289_22FEB2022_1321,1440,1321,0:00:00.153238 hh:mm:ss,10.616131,19.3,8,2,4,6,6,6,6
Diagnostics_28_28FEB2021_1940,2880,1940,0:00:00.306224 hh:mm:ss,7.464148,22.2,5,1,7,8,7,5,6
Diagnostics_290_23FEB2022_225,720,225,0:00:00.077793 hh:mm:ss,11.30938,20.3,8,1,4,6,5,6,5
Diagnostics_291_24FEB2022_1080,1440,1080,0:00:00.152586 hh:mm:ss,10.902329,23.0,9,1,4,6,7,6,6
Diagnostics_292_28FEB2022_2215,2916,2215,0:00:00.344197 hh:mm:ss,10.861156,20.1,6,2,5,7,6,6,7
Diagnostics_293_03MAR2022_960,2160,960,0:00:00.222433 hh:mm:ss,9.901824,20.9,7,1,4,6,6,6,6
Diagnostics_294_04MAR2022_1192,3024,1192,0:00:00.326225 hh:mm:ss,12.470578,24.3,8,1,5,9,8,6,6
Diagnostics_295_05MAR2022_420,2160,420,0:00:00.240890 hh:mm:ss,12.234463,23.7,8,1,5,8,8,7,4
Diagnostics_296_06MAR2022_1890,4320,1890,0:00:00.469743 hh:mm:ss,9.054688,23.2,7,1,5,9,8,6,6
Diagnostics_297_07MAR2022_721,2592,721,0:00:00.274293 hh:mm:ss,13.850611,22.5,9,2,5,7,8,6,5
Diagnostics_298_08MAR2022_1170,4320,1170,0:00:00.459977 hh:mm:ss,9.358258,22.6,7,1,5,9,8,6,5
Diagnostics_299_09MAR2022_2880,6480,2880,0:00:00.693370 hh:mm:ss,8.886008,23.1,7,1,4,9,8,6,6
Diagnostics_29_01MAR2021_1024,1728,1024,0:00:00.185038 hh:mm:ss,6.620597,20.0,6,1,5,8,7,5,6
Diagnostics_2_30JAN2021_1698,2592,1698,0:00:00.283777 hh:mm:ss,5.282751,23.7,5,1,7,8,6,5,6
Diagnostics_300_10MAR2022_2436,6048,2436,0:00:00.648266 hh:mm:ss,11.401249,26.2,9,1,6,9,7,6,6
Diagnostics_301_11MAR2022_2070,3240,2070,0:00:00.368555 hh:mm:ss,8.677576,26.2,7,1,4,8,8,5,6
Diagnostics_302_12MAR2022_1411,6480,1411,0:00:00.681839 hh:mm:ss,10.115806,25.7,7,2,4,4,8,6,5
Diagnostics_303_12MAR2022_990,4320,990,0:00:00.473761 hh:mm:ss,10.917762,29.2,8,1,4,9,7,6,6
Diagnostics_304_13MAR2022_296,1920,296,0:00:00.207471 hh:mm:ss,6.997819,23.2,7,1,5,7,7,5,3
Diagnostics_305_14MAR2022_1051,2700,1051,0:00:00.291435 hh:mm:ss,14.264935,23.1,10,2,4,7,7,7,5
Diagnostics_306_15MAR2022_1128,2688,1128,0:00:00.305032 hh:mm:ss,9.676159,26.7,7,1,4,8,8,6,6
Diagnostics_307_16MAR2022_1575,2400,1575,0:00:00.259883 hh:mm:ss,6.930223,23.3,6,1,4,8,7,6,6
Diagnostics_308_17MAR2022_2025,2700,2025,0:00:00.293216 hh:mm:ss,9.429233,26.4,7,1,4,8,7,6,6
Diagnostics_309_18MAR2022_1112,1728,1112,0:00:00.182019 hh:mm:ss,10.951121,26.9,8,1,4,8,8,5,6
Diagnostics_30_02MAR2021_2880,4860,2880,0:00:00.529037 hh:mm:ss,8.148116,21.3,6,1,5,9,7,5,6
Diagnostics_310_19MAR2022_1125,2700,1125,0:00:00.292954 hh:mm:ss,9.36577,26.3,7,1,4,8,7,6,6
Diagnostics_311_20MAR2022_600,2160,600,0:00:00.255317 hh:mm:ss,11.962134,22.7,8,1,5,7,7,6,5
Diagnostics_312_21MAR2022_960,5400,960,0:00:00.597528 hh:mm:ss,10.903785,25.5,8,1,4,6,6,2,1
Diagnostics_313_22MAR2022_675,3600,675,0:00:00.391694 hh:mm:ss,9.813384,32.4,9,1,4,8,8,6,5
Diagnostics_314_23MAR2022_2025,2700,2025,0:00:00.285263 hh:mm:ss,9.779997,26.7,7,1,4,8,7,6,6
Diagnostics_315_24MAR2022_417,1536,417,0:00:00.170544 hh:mm:ss,14.773477,23.5,10,2,4,7,7,7,5
Diagnostics_316_25MAR2022_608,1440,608,0:00:00.150597 hh:mm:ss,10.660134,24.7,8,1,5,8,7,6,6
Diagnostics_317_28MAR2022_450,2880,450,0:00:00.305079 hh:mm:ss,9.896404,25.3,8,1,4,9,8,7,6
Diagnostics_318_29MAR2022_1350,2700,1350,0:00:00.289379 hh:mm:ss,9.48532,21.8,7,1,4,7,8,7,6
Diagnostics_319_30MAR2022_856,1620,856,0:00:00.172539 hh:mm:ss,10.724001,22.7,8,2,5,7,7,6,6
Diagnostics_31_03MAR2021_1032,2880,1032,0:00:00.303189 hh:mm:ss,6.95314,20.0,6,1,7,8,6,6,5
Diagnostics_320_31MAR2022_1500,3600,1500,0:00:00.388960 hh:mm:ss,8.833295,24.3,7,1,5,9,7,6,5
Diagnostics_321_01APR2022_361,1440,361,0:00:00.181514 hh:mm:ss,11.30111,20.5,9,2,4,6,7,6,5
Diagnostics_322_02APR2022_680,864,680,0:00:00.095251 hh:mm:ss,10.001714,20.1,9,1,5,6,7,6,6
Diagnostics_323_03APR2022_1620,3240,1620,0:00:00.341974 hh:mm:ss,10.352087,20.2,8,1,4,6,8,7,6
Diagnostics_324_04APR2022_936,2304,936,0:00:00.240357 hh:mm:ss,7.700218,18.7,6,1,5,8,7,6,5
Diagnostics_325_05APR2022_270,1440,270,0:00:00.152617 hh:mm:ss,10.919624,18.8,9,1,4,6,7,5,4
Diagnostics_326_06APR2022_486,1296,486,0:00:00.136660 hh:mm:ss,9.717673,19.7,8,1,5,7,6,6,5
Diagnostics_327_07APR2022_300,1800,300,0:00:00.194480 hh:mm:ss,7.165022,18.6,7,1,4,7,7,7,6
Diagnostics_328_09APR2022_540,1440,540,0:00:00.191520 hh:mm:ss,7.302206,19.3,6,1,4,7,6,6,5
Diagnostics_329_10APR2022_960,2160,960,0:00:00.220435 hh:mm:ss,10.64342,19.7,7,1,4,7,7,6,6
Diagnostics_32_04MAR2021_3642,4860,3642,0:00:00.509663 hh:mm:ss,7.091077,24.4,8,1,7,8,7,6,6
Diagnostics_330_11APR2022_661,1440,661,0:00:00.153589 hh:mm:ss,10.500427,19.1,7,2,4,7,7,6,6
Diagnostics_331_12APR2022_961,1440,961,0:00:00.153615 hh:mm:ss,11.736036,18.8,9,2,4,7,7,6,7
Diagnostics_332_13APR2022_1890,4860,1890,0:00:00.512729 hh:mm:ss,7.807999,22.9,6,1,4,9,8,6,6
Diagnostics_333_14APR2022_1368,3456,1368,0:00:00.377005 hh:mm:ss,12.935886,28.9,7,1,6,9,8,6,6
Diagnostics_334_18APR2022_3691,4860,3691,0:00:00.534543 hh:mm:ss,14.127318,28.0,9,2,4,9,7,6,6
Diagnostics_335_20APR2022_2325,6075,2325,0:00:00.648266 hh:mm:ss,9.067861,24.7,7,1,4,8,8,6,6
Diagnostics_336_21APR2022_4950,9720,4950,0:00:01.061266 hh:mm:ss,9.988985,27.9,7,1,4,8,8,6,6
Diagnostics_337_22APR2022_2026,4050,2026,0:00:00.441458 hh:mm:ss,11.281027,26.2,10,2,4,8,7,6,6
Diagnostics_338_23APR2022_3150,4320,3150,0:00:00.472245 hh:mm:ss,10.259957,27.7,7,1,4,9,7,6,6
Diagnostics_339_24APR2022_2326,3600,2326,0:00:00.385547 hh:mm:ss,11.880803,28.4,9,2,4,8,7,5,6
Diagnostics_33_04MAR2021_1685,2700,1685,0:00:00.285238 hh:mm:ss,7.911204,19.2,7,1,7,8,8,6,7
Diagnostics_340_25APR2022_1289,2160,1289,0:00:00.230384 hh:mm:ss,13.691365,26.3,10,2,4,7,5,5,4
Diagnostics_341_26APR2022_1740,4050,1740,0:00:00.453838 hh:mm:ss,11.504063,33.8,7,1,5,8,6,5,5
Diagnostics_342_27APR2022_1089,1440,1089,0:00:00.183511 hh:mm:ss,11.959519,25.9,9,2,5,8,7,6,6
Diagnostics_343_28APR2022_3420,4860,3420,0:00:00.522602 hh:mm:ss,11.585021,28.9,8,1,5,9,6,6,6
Diagnostics_344_29APR2022_609,1440,609,0:00:00.152617 hh:mm:ss,12.283305,25.3,8,2,5,8,7,6,6
Diagnostics_345_30APR2022_720,960,720,0:00:00.099735 hh:mm:ss,6.469762,18.1,7,1,4,6,6,6,6
Diagnostics_346_01MAY2022_2221,3780,2221,0:00:00.427910 hh:mm:ss,16.800481,49.7,7,2,4,9,8,6,7
Diagnostics_347_02MAY2022_4391,5670,4391,0:00:00.628320 hh:mm:ss,15.750673,37.6,10,2,9,9,7,6,6
Diagnostics_348_03MAY2022_3331,6480,3331,0:00:00.709105 hh:mm:ss,9.711947,26.9,7,2,4,9,8,6,6
Diagnostics_349_04MAY2022_493,3240,493,0:00:00.346081 hh:mm:ss,10.547808,27.2,7,2,7,9,7,6,6
Diagnostics_34_05MAR2021_1536,2016,1536,0:00:00.211469 hh:mm:ss,8.942153,22.2,6,1,6,8,7,6,6
Diagnostics_350_05MAY2022_1200,2688,1200,0:00:00.287635 hh:mm:ss,12.275735,27.9,7,1,6,9,8,7,6
Diagnostics_351_09MAY2022_3690,7290,3690,0:00:00.806349 hh:mm:ss,10.183895,31.2,7,1,5,9,7,6,6
Diagnostics_352_10MAY2022_3870,4860,3870,0:00:00.522693 hh:mm:ss,9.846255,24.2,9,1,5,8,8,6,6
Diagnostics_353_11MAY2022_496,2592,496,0:00:00.270271 hh:mm:ss,8.116411,20.4,7,1,5,8,8,7,5
Diagnostics_354_12MAY2022_210,720,210,0:00:00.075797 hh:mm:ss,7.868889,20.2,9,1,4,5,5,6,5
Diagnostics_355_13MAY2022_30,720,30,0:00:00.075797 hh:mm:ss,8.789548,16.5,9,1,4,5,5,5,5
Diagnostics_356_16MAY2022_840,7560,840,0:00:00.815885 hh:mm:ss,9.574419,33.0,5,1,4,10,9,6,6
Diagnostics_357_17MAY2022_1,960,1,0:00:00.099734 hh:mm:ss,10.348645,18.6,8,2,4,6,6,6,6
Diagnostics_358_19MAY2022_780,2160,780,0:00:00.228390 hh:mm:ss,7.595681,20.8,7,1,4,7,7,6,5
Diagnostics_359_20MAY2022_540,2880,540,0:00:00.310195 hh:mm:ss,7.088497,19.4,7,1,4,6,5,5,2
Diagnostics_35_06MAR2021_1323,2016,1323,0:00:00.216426 hh:mm:ss,8.661743,22.2,6,1,6,8,7,5,6
Diagnostics_360_21MAY2022_480,2160,480,0:00:00.222731 hh:mm:ss,8.363782,19.2,7,1,5,7,7,6,5
Diagnostics_361_22MAY2022_1890,4320,1890,0:00:00.467749 hh:mm:ss,8.823648,22.8,7,1,5,9,8,6,6
Diagnostics_362_23MAY2022_3330,4320,3330,0:00:00.468902 hh:mm:ss,8.354636,23.7,6,1,4,9,8,6,6
Diagnostics_363_26MAY2022_1525,3456,1525,0:00:00.377117 hh:mm:ss,9.743095,24.2,8,2,8,8,7,6,6
Diagnostics_364_27MAY2022_2610,4320,2610,0:00:00.485040 hh:mm:ss,7.977176,21.7,4,1,4,9,7,6,7
Diagnostics_365_31MAY2022_1260,2160,1260,0:00:00.229454 hh:mm:ss,7.289129,20.8,6,1,4,7,6,6,5
Diagnostics_366_01JUN2022_181,960,181,0:00:00.102750 hh:mm:ss,10.09802,22.8,9,2,4,7,7,6,6
Diagnostics_367_02JUN2022_4200,5400,4200,0:00:00.584462 hh:mm:ss,10.335312,24.5,6,1,4,8,6,6,6
Diagnostics_368_06JUN2022_1185,2688,1185,0:00:00.286235 hh:mm:ss,7.091406,20.2,7,2,4,9,8,6,6
Diagnostics_369_07JUN2022_1681,3240,1681,0:00:00.353129 hh:mm:ss,8.344288,23.0,8,2,4,7,7,6,6
Diagnostics_36_07MAR2021_1544,2304,1544,0:00:00.267732 hh:mm:ss,7.857662,21.0,6,1,5,9,7,5,6
Diagnostics_370_08JUN2022_313,1152,313,0:00:00.120677 hh:mm:ss,10.152972,23.7,10,2,4,6,8,7,6
Diagnostics_371_09JUN2022_2026,4050,2026,0:00:00.435836 hh:mm:ss,8.832029,24.9,8,2,4,8,7,6,6
Diagnostics_372_10JUN2022_1140,1440,1140,0:00:00.154586 hh:mm:ss,7.472773,21.9,7,1,4,7,7,6,6
Diagnostics_373_11JUN2022_168,960,168,0:00:00.102725 hh:mm:ss,12.130422,23.8,9,1,4,7,7,6,6
Diagnostics_374_12JUN2022_480,1440,480,0:00:00.150606 hh:mm:ss,7.434949,18.4,7,1,4,6,6,6,6
Diagnostics_375_13JUN2022_375,1800,375,0:00:00.216422 hh:mm:ss,8.343644,19.7,7,1,4,8,8,6,6
Diagnostics_376_14JUN2022_1500,2160,1500,0:00:00.221436 hh:mm:ss,7.131913,19.2,8,1,4,6,6,6,6
Diagnostics_377_15JUN2022_1512,1944,1512,0:00:00.201462 hh:mm:ss,8.051861,21.2,8,1,6,7,7,6,6
Diagnostics_378_16JUN2022_1680,3240,1680,0:00:00.352780 hh:mm:ss,6.639218,21.7,7,1,4,6,6,5,4
Diagnostics_379_16JUN2022_0,960,0,0:00:00.099734 hh:mm:ss,6.426415,17.8,5,1,4,6,6,6,6
Diagnostics_37_08MAR2021_805,3024,805,0:00:00.320679 hh:mm:ss,6.794471,21.5,6,1,8,8,7,6,5
Diagnostics_380_17JUN2022_1080,1728,1080,0:00:00.207997 hh:mm:ss,7.976543,20.1,7,1,5,8,7,6,7
Diagnostics_381_21JUN2022_1021,1440,1021,0:00:00.155092 hh:mm:ss,9.441511,22.3,7,2,4,7,6,6,6
Diagnostics_382_22JUN2022_1080,2592,1080,0:00:00.282245 hh:mm:ss,9.011214,24.5,9,1,5,8,7,6,6
Diagnostics_383_24JUL2022_1392,2160,1392,0:00:00.230990 hh:mm:ss,8.63082,24.2,8,1,7,8,7,6,7
Diagnostics_384_25JUL2022_2085,4860,2085,0:00:00.534744 hh:mm:ss,10.592064,30.9,7,1,5,9,7,6,6
Diagnostics_385_26JUL2022_1470,5670,1470,0:00:00.604737 hh:mm:ss,9.453851,27.6,7,1,4,10,8,7,6
Diagnostics_386_27JUL2022_1072,1728,1072,0:00:00.183509 hh:mm:ss,7.801281,23.5,8,1,5,7,7,5,6
Diagnostics_387_28JUL2022_2100,2700,2100,0:00:00.281273 hh:mm:ss,10.32218,23.4,8,1,4,7,7,6,6
Diagnostics_388_29JUL2022_1208,1728,1208,0:00:00.182538 hh:mm:ss,10.33237,22.2,9,1,4,8,6,6,6
Diagnostics_389_30JUL2022_1875,2700,1875,0:00:00.290278 hh:mm:ss,7.817224,24.8,8,1,4,7,7,5,6
Diagnostics_38_09MAR2021_1173,2688,1173,0:00:00.278417 hh:mm:ss,7.446486,19.1,7,2,9,8,8,6,6
Diagnostics_390_31JUL2022_1200,2700,1200,0:00:00.329956 hh:mm:ss,6.244609,22.9,7,1,4,7,7,6,6
Diagnostics_391_01AUG2022_600,1440,600,0:00:00.150195 hh:mm:ss,10.904551,22.8,8,1,4,6,6,6,5
Diagnostics_392_02AUG2022_810,3600,810,0:00:00.383973 hh:mm:ss,7.179317,22.4,6,1,4,9,8,7,5
Diagnostics_393_04AUG2022_3690,4860,3690,0:00:00.530890 hh:mm:ss,9.275508,27.3,6,1,4,9,7,6,6
Diagnostics_394_08AUG2022_2430,4860,2430,0:00:00.511713 hh:mm:ss,9.263288,25.1,7,1,5,8,7,6,6
Diagnostics_395_09AUG2022_1520,5670,1520,0:00:00.638514 hh:mm:ss,11.566893,33.8,7,1,7,10,8,7,6
Diagnostics_396_10AUG2022_269,2880,269,0:00:00.332140 hh:mm:ss,13.774606,40.7,8,2,7,9,7,5,5
Diagnostics_397_11AUG2022_1140,2700,1140,0:00:00.285237 hh:mm:ss,12.857366,29.3,9,1,5,8,7,6,6
Diagnostics_398_12AUG2022_2220,5670,2220,0:00:00.609626 hh:mm:ss,12.602125,33.4,7,1,5,9,8,6,6
Diagnostics_399_15AUG2022_688,2592,688,0:00:00.288261 hh:mm:ss,9.773307,33.7,7,1,6,9,7,6,5
Diagnostics_39_10MAR2021_1976,2688,1976,0:00:00.280250 hh:mm:ss,7.068656,18.1,6,1,5,9,7,6,6
Diagnostics_3_30JAN2021_1183,3024,1183,0:00:00.349974 hh:mm:ss,5.9853,25.4,5,1,8,7,5,5,5
Diagnostics_400_16AUG2022_2430,4860,2430,0:00:00.527235 hh:mm:ss,9.19115,27.3,6,1,4,9,8,7,6
Diagnostics_401_17AUG2022_208,1280,208,0:00:00.138632 hh:mm:ss,10.593139,29.5,8,1,5,8,7,6,5
Diagnostics_402_18AUG2022_871,3240,871,0:00:00.347865 hh:mm:ss,12.486334,26.4,9,2,4,4,3,7,5
Diagnostics_403_19AUG2022_720,4860,720,0:00:00.529619 hh:mm:ss,7.662331,23.1,6,1,4,9,7,7,5
Diagnostics_404_20AUG2022_810,4860,810,0:00:00.524608 hh:mm:ss,9.556873,26.8,7,1,4,9,8,7,5
Diagnostics_405_21AUG2022_300,4050,300,0:00:00.434688 hh:mm:ss,10.787642,26.4,8,1,4,8,8,6,5
Diagnostics_406_22AUG2022_472,4608,472,0:00:00.494162 hh:mm:ss,10.931863,28.3,8,1,6,10,7,5,5
Diagnostics_407_23AUG2022_900,4860,900,0:00:00.533599 hh:mm:ss,8.298527,27.3,8,1,4,8,8,7,5
Diagnostics_408_24AUG2022_4471,8748,4471,0:00:00.951169 hh:mm:ss,12.097833,29.7,8,2,7,10,8,7,6
Diagnostics_409_25AUG2022_1512,3888,1512,0:00:00.422245 hh:mm:ss,10.148631,22.6,8,1,6,9,8,6,6
Diagnostics_40_11MAR2021_1554,3456,1554,0:00:00.367018 hh:mm:ss,6.921919,17.8,6,1,8,9,8,6,6
Diagnostics_410_29AUG2022_2775,5400,2775,0:00:00.584975 hh:mm:ss,7.412848,23.1,7,1,4,8,7,5,5
Diagnostics_411_30AUG2022_648,2592,648,0:00:00.272213 hh:mm:ss,7.839475,19.7,7,1,5,8,7,6,5
Diagnostics_412_31AUG2022_1145,6480,1145,0:00:00.695369 hh:mm:ss,12.531998,30.3,8,1,8,10,9,8,6
Diagnostics_413_01SEP2022_1650,6075,1650,0:00:00.651225 hh:mm:ss,9.533742,22.9,8,1,5,8,7,7,4
Diagnostics_414_02SEP2022_4535,9720,4535,0:00:01.069157 hh:mm:ss,8.746138,24.8,8,1,6,9,8,6,5
Diagnostics_415_03SEP2022_1280,3240,1280,0:00:00.346075 hh:mm:ss,8.447448,24.1,9,1,6,8,7,5,5
Diagnostics_416_04SEP2022_675,2700,675,0:00:00.290298 hh:mm:ss,8.003566,23.5,8,1,4,8,7,6,5
Diagnostics_417_05SEP2022_270,3240,270,0:00:00.354279 hh:mm:ss,13.053877,31.6,8,1,5,9,8,6,6
Diagnostics_418_06SEP2022_1788,5832,1788,0:00:00.646370 hh:mm:ss,9.749779,27.7,7,1,8,9,9,7,6
Diagnostics_419_07SEP2022_675,2700,675,0:00:00.313063 hh:mm:ss,9.163448,25.9,7,1,4,8,7,6,5
Diagnostics_41_13MAR2021_3662,6048,3662,0:00:00.628427 hh:mm:ss,5.550232,22.5,6,2,8,8,8,5,6
Diagnostics_420_08SEP2022_1275,2700,1275,0:00:00.292218 hh:mm:ss,8.313755,27.0,8,1,4,8,8,6,6
Diagnostics_421_11SEP2022_3960,5184,3960,0:00:00.566571 hh:mm:ss,9.97728,27.2,7,1,6,9,6,5,6
Diagnostics_422_15SEP2022_560,2700,560,0:00:00.284245 hh:mm:ss,8.629352,22.0,7,1,7,9,7,7,6
Diagnostics_423_16SEP2022_3150,4320,3150,0:00:00.466080 hh:mm:ss,10.260297,27.9,7,1,4,9,7,6,6
Diagnostics_424_17SEP2022_1260,4860,1260,0:00:00.511657 hh:mm:ss,9.314535,27.2,7,1,5,9,7,6,5
Diagnostics_425_18SEP2022_2610,4320,2610,0:00:00.461767 hh:mm:ss,9.433938,27.8,7,1,5,9,6,5,6
Diagnostics_426_19SEP2022_448,1728,448,0:00:00.181515 hh:mm:ss,7.756688,22.8,7,1,5,8,7,6,5
Diagnostics_427_20SEP2022_1200,2700,1200,0:00:00.288514 hh:mm:ss,7.340397,23.0,8,1,4,7,7,6,6
Diagnostics_428_21SEP2022_528,864,528,0:00:00.093749 hh:mm:ss,8.368316,21.4,8,1,4,6,6,5,6
Diagnostics_429_22SEP2022_1260,4860,1260,0:00:00.518639 hh:mm:ss,8.652216,25.4,7,1,5,9,7,6,5
Diagnostics_42_13MAR2021_1266,2592,1266,0:00:00.280276 hh:mm:ss,8.895806,25.4,7,1,7,8,8,6,6
Diagnostics_430_23SEP2022_3690,4860,3690,0:00:00.521606 hh:mm:ss,10.648573,28.1,7,1,4,9,7,6,6
Diagnostics_431_24SEP2022_2610,4320,2610,0:00:00.471999 hh:mm:ss,9.943729,27.6,7,1,5,9,6,5,6
Diagnostics_432_25SEP2022_2952,3888,2952,0:00:00.410400 hh:mm:ss,10.024209,25.3,8,1,6,9,7,6,6
Diagnostics_433_26SEP2022_1698,3888,1698,0:00:00.422626 hh:mm:ss,8.268094,25.4,7,1,8,9,7,6,6
Diagnostics_434_27SEP2022_1297,2592,1297,0:00:00.309057 hh:mm:ss,11.117391,27.1,8,2,4,9,8,7,6
Diagnostics_435_28SEP2022_2100,2700,2100,0:00:00.294238 hh:mm:ss,6.899457,23.7,7,1,4,7,8,6,6
Diagnostics_436_03OCT2022_448,1728,448,0:00:00.180543 hh:mm:ss,12.226576,23.7,9,1,5,8,7,6,5
Diagnostics_437_04OCT2022_1976,2592,1976,0:00:00.273111 hh:mm:ss,9.628975,24.3,7,1,5,9,7,6,6
Diagnostics_438_04OCT2022_375,1800,375,0:00:00.197869 hh:mm:ss,6.541295,24.4,7,1,4,8,7,7,6
Diagnostics_439_05OCT2022_1050,2700,1050,0:00:00.292091 hh:mm:ss,9.233616,20.9,7,1,4,7,8,6,6
Diagnostics_43_14MAR2021_690,4860,690,0:00:00.527564 hh:mm:ss,7.822356,26.1,6,1,8,8,8,5,5
Diagnostics_440_06OCT2022_601,1440,601,0:00:00.151240 hh:mm:ss,9.055825,20.0,8,2,4,6,7,6,6
Diagnostics_441_07OCT2022_675,2700,675,0:00:00.303695 hh:mm:ss,7.871094,21.9,6,1,4,8,7,6,5
Diagnostics_442_08OCT2022_226,1800,226,0:00:00.190465 hh:mm:ss,7.894327,20.3,6,2,4,8,7,6,6
Diagnostics_443_09OCT2022_450,1620,450,0:00:00.167552 hh:mm:ss,6.256851,20.0,7,1,4,6,8,7,6
Diagnostics_444_10OCT2022_2466,3240,2466,0:00:00.378990 hh:mm:ss,8.571053,21.6,7,2,6,9,7,6,6
Diagnostics_445_11OCT2022_2101,4050,2101,0:00:00.432842 hh:mm:ss,7.617591,21.9,7,2,4,8,8,7,6
Diagnostics_446_12OCT2022_1651,4050,1651,0:00:00.426859 hh:mm:ss,7.076121,21.4,7,2,4,8,8,6,6
Diagnostics_447_23OCT2022_849,960,849,0:00:00.103722 hh:mm:ss,6.496474,20.5,7,2,4,7,6,6,6
Diagnostics_448_24OCT2022_2113,4860,2113,0:00:00.518640 hh:mm:ss,8.100603,24.1,7,2,7,9,7,6,6
Diagnostics_449_25OCT2022_1080,2592,1080,0:00:00.273394 hh:mm:ss,7.801901,22.1,7,1,5,8,7,6,6
Diagnostics_44_15MAR2021_402,1728,402,0:00:00.214427 hh:mm:ss,6.345339,23.8,6,1,7,8,8,6,5
Diagnostics_450_26OCT2022_1540,5670,1540,0:00:00.623513 hh:mm:ss,10.186476,33.5,7,1,10,10,8,7,6
Diagnostics_451_27OCT2022_708,5184,708,0:00:00.549529 hh:mm:ss,9.648115,24.1,7,1,8,9,7,6,6
Diagnostics_452_28OCT2022_180,1920,180,0:00:00.207445 hh:mm:ss,9.344712,24.8,7,1,5,8,6,5,5
Diagnostics_453_29OCT2022_1261,4860,1261,0:00:00.524749 hh:mm:ss,10.22637,25.6,7,2,4,9,7,6,5
Diagnostics_454_30OCT2022_2415,5670,2415,0:00:00.625798 hh:mm:ss,8.729652,26.1,6,1,4,10,7,6,6
Diagnostics_455_31OCT2022_1304,3024,1304,0:00:00.322138 hh:mm:ss,8.489374,23.2,7,1,5,9,7,6,6
Diagnostics_456_01NOV2022_648,2592,648,0:00:00.274992 hh:mm:ss,8.220532,21.0,6,1,5,8,7,6,5
Diagnostics_457_02NOV2022_648,1728,648,0:00:00.185063 hh:mm:ss,9.093485,20.2,7,1,5,8,7,7,6
Diagnostics_458_03NOV2022_648,2592,648,0:00:00.277300 hh:mm:ss,7.476434,21.6,7,1,5,8,7,6,5
Diagnostics_459_04NOV2022_805,3456,805,0:00:00.378015 hh:mm:ss,9.338689,21.8,7,2,8,8,6,6,5
Diagnostics_45_16MAR2021_560,2400,560,0:00:00.280197 hh:mm:ss,6.050584,18.0,6,1,6,8,8,6,5
Diagnostics_460_08NOV2022_673,1296,673,0:00:00.135170 hh:mm:ss,8.07695,18.9,7,2,4,6,7,6,6
Diagnostics_461_09NOV2022_696,1800,696,0:00:00.192511 hh:mm:ss,6.586438,21.3,8,2,5,8,7,7,7
Diagnostics_462_10NOV2022_282,360,282,0:00:00.034937 hh:mm:ss,7.75207,19.2,0,0,4,2,6,7,7
Diagnostics_463_11NOV2022_156,600,156,0:00:00.057847 hh:mm:ss,6.127597,21.5,0,0,6,2,6,8,6
Diagnostics_464_12NOV2022_497,720,497,0:00:00.073802 hh:mm:ss,7.552361,18.3,7,3,4,6,6,5,6
Diagnostics_465_13NOV2022_386,2592,386,0:00:00.272274 hh:mm:ss,7.601518,18.4,7,3,6,8,7,7,5
Diagnostics_466_14NOV2022_2551,4050,2551,0:00:00.437994 hh:mm:ss,6.306532,17.8,6,2,4,8,8,5,6
Diagnostics_467_15NOV2022_170,864,170,0:00:00.091754 hh:mm:ss,8.063401,19.0,8,3,5,7,7,6,6
Diagnostics_468_16NOV2022_333,648,333,0:00:00.061835 hh:mm:ss,8.213391,19.4,0,0,5,2,6,7,6
Diagnostics_469_17NOV2022_651,1080,651,0:00:00.114695 hh:mm:ss,6.931587,18.0,8,3,6,6,7,6,7
Diagnostics_46_18MAR2021_1554,2304,1554,0:00:00.266424 hh:mm:ss,5.859664,22.1,6,1,7,8,7,5,6
Diagnostics_470_18NOV2022_849,960,849,0:00:00.100731 hh:mm:ss,5.562942,18.7,6,2,4,7,6,6,6
Diagnostics_471_19NOV2022_487,1944,487,0:00:00.206588 hh:mm:ss,7.668038,18.3,7,2,5,7,6,6,6
Diagnostics_472_20NOV2022_2563,3240,2563,0:00:00.349890 hh:mm:ss,8.327859,24.7,7,2,7,8,8,7,7
Diagnostics_473_21NOV2022_527,2160,527,0:00:00.262229 hh:mm:ss,8.900312,23.2,9,3,8,8,8,7,6
Diagnostics_474_22NOV2022_817,2160,817,0:00:00.230385 hh:mm:ss,7.635797,23.1,8,3,6,7,7,7,6
Diagnostics_475_28NOV2022_2026,2700,2026,0:00:00.299229 hh:mm:ss,7.332985,23.0,7,2,4,8,7,6,6
Diagnostics_476_29NOV2022_331,2592,331,0:00:00.276262 hh:mm:ss,7.900946,20.0,7,2,7,7,7,5,5
Diagnostics_477_30NOV2022_567,2268,567,0:00:00.241979 hh:mm:ss,8.9927,21.8,6,1,6,8,7,6,5
Diagnostics_478_01DEC2022_1875,2700,1875,0:00:00.286821 hh:mm:ss,6.674299,20.4,6,1,4,7,7,5,6
Diagnostics_479_02DEC2022_721,1620,721,0:00:00.170577 hh:mm:ss,7.197464,17.3,7,2,4,5,5,5,5
Diagnostics_47_19MAR2021_1120,1728,1120,0:00:00.188495 hh:mm:ss,7.42969,23.3,6,1,5,8,6,5,6
Diagnostics_480_03DEC2022_252,576,252,0:00:00.060849 hh:mm:ss,6.271518,15.7,6,1,5,6,6,6,5
Diagnostics_481_04DEC2022_472,900,472,0:00:00.099733 hh:mm:ss,5.680307,17.0,0,0,4,1,7,7,7
Diagnostics_482_05DEC2022_206,300,206,0:00:00.029892 hh:mm:ss,11.614669,26.7,0,0,3,3,7,6,7
Diagnostics_483_06DEC2022_150,480,150,0:00:00.049389 hh:mm:ss,7.222397,15.3,7,1,4,5,4,5,4
Diagnostics_484_07DEC2022_121,1080,121,0:00:00.111702 hh:mm:ss,6.035969,18.9,8,2,4,5,5,5,5
Diagnostics_485_08DEC2022_425,1080,425,0:00:00.116786 hh:mm:ss,7.183817,17.6,7,1,6,7,6,6,6
Diagnostics_486_09DEC2022_571,720,571,0:00:00.111701 hh:mm:ss,6.787622,16.8,7,2,4,5,5,6,6
Diagnostics_487_10DEC2022_2400,3240,2400,0:00:00.333110 hh:mm:ss,6.464626,16.6,6,1,5,7,7,6,6
Diagnostics_488_11DEC2022_1897,2592,1897,0:00:00.270277 hh:mm:ss,6.957273,16.4,7,2,6,7,7,7,7
Diagnostics_489_12DEC2022_449,640,449,0:00:00.067819 hh:mm:ss,8.51577,17.9,6,2,5,8,8,7,8
Diagnostics_48_20MAR2021_217,2268,217,0:00:00.251022 hh:mm:ss,8.07658,25.3,7,1,8,8,7,5,5
Diagnostics_490_13DEC2022_126,144,126,0:00:00.014491 hh:mm:ss,4.151921,14.2,0,0,3,1,3,4,4
Diagnostics_491_14DEC2022_3690,4860,3690,0:00:00.535733 hh:mm:ss,7.71041,23.1,6,1,4,9,7,6,6
Diagnostics_492_15DEC2022_2553,3456,2553,0:00:00.395466 hh:mm:ss,7.997137,23.9,7,2,5,9,7,6,6
Diagnostics_493_16DEC2022_630,3240,630,0:00:00.341113 hh:mm:ss,7.539118,23.4,6,1,4,8,7,7,6
Diagnostics_494_17DEC2022_1333,1728,1333,0:00:00.182578 hh:mm:ss,9.532834,22.6,7,2,7,8,7,6,7
Diagnostics_495_18DEC2022_360,2592,360,0:00:00.287231 hh:mm:ss,7.809753,21.3,6,1,5,8,7,7,5
Diagnostics_496_19DEC2022_2922,4860,2922,0:00:00.533576 hh:mm:ss,7.106164,24.3,8,1,7,9,7,7,6
Diagnostics_497_20DEC2022_1296,4860,1296,0:00:00.529584 hh:mm:ss,7.206072,23.1,7,2,6,9,7,6,5
Diagnostics_498_28DEC2022_1987,2592,1987,0:00:00.270452 hh:mm:ss,7.549924,21.1,7,2,7,8,7,6,6
Diagnostics_499_30DEC2022_1281,2592,1281,0:00:00.280803 hh:mm:ss,5.589749,19.9,8,2,4,7,7,7,6
Diagnostics_49_20MAR2021_1630,4032,1630,0:00:00.425550 hh:mm:ss,7.377908,23.5,6,3,9,9,6,5,5
Diagnostics_4_30JAN2021_834,2592,834,0:00:00.285082 hh:mm:ss,6.644087,26.3,5,1,7,8,5,6,5
Diagnostics_500_31DEC2022_996,3600,996,0:00:00.383997 hh:mm:ss,7.578596,21.3,7,2,6,9,8,6,5
Diagnostics_501_01JAN2023_2201,5670,2201,0:00:00.638293 hh:mm:ss,9.717752,25.9,8,2,10,9,9,7,7
Diagnostics_502_02JAN2023_429,2016,429,0:00:00.218444 hh:mm:ss,7.790474,26.2,9,2,7,9,7,7,6
Diagnostics_503_03JAN2023_756,2160,756,0:00:00.233375 hh:mm:ss,8.538123,25.4,7,2,6,9,7,8,7
Diagnostics_504_04JAN2023_976,1344,976,0:00:00.145120 hh:mm:ss,8.789004,23.4,6,1,6,9,8,8,8
Diagnostics_505_05JAN2023_860,3240,860,0:00:00.352087 hh:mm:ss,9.354045,29.5,7,1,7,9,8,7,6
Diagnostics_506_06JAN2023_575,3360,575,0:00:00.357304 hh:mm:ss,9.338369,23.6,7,1,7,9,8,6,6
Diagnostics_507_07JAN2023_2610,6480,2610,0:00:00.692513 hh:mm:ss,8.812265,25.9,6,1,5,9,6,5,5
Diagnostics_508_08JAN2023_4380,8748,4380,0:00:00.954074 hh:mm:ss,8.805444,27.9,6,1,8,9,8,7,6
Diagnostics_509_09JAN2023_1045,2592,1045,0:00:00.287233 hh:mm:ss,9.133777,25.0,7,2,8,9,8,6,6
Diagnostics_50_21MAR2021_1400,4320,1400,0:00:00.465755 hh:mm:ss,9.136192,24.4,5,1,7,9,5,6,5
Diagnostics_510_10JAN2023_1814,4536,1814,0:00:00.499702 hh:mm:ss,8.644497,26.5,7,2,8,9,8,6,6
Diagnostics_511_11JAN2023_3304,8505,3304,0:00:00.948104 hh:mm:ss,8.076565,25.8,7,1,8,9,8,6,6
Diagnostics_512_12JAN2023_5195,11340,5195,0:00:01.219262 hh:mm:ss,9.320106,27.1,7,2,8,9,8,6,6
Diagnostics_513_16JAN2023_405,1080,405,0:00:00.113698 hh:mm:ss,5.116001,16.8,6,1,4,6,5,5,5
Diagnostics_514_18JAN2023_541,1620,541,0:00:00.171541 hh:mm:ss,6.013349,16.3,7,2,4,5,6,6,6
Diagnostics_515_19JAN2023_1730,8505,1730,0:00:00.937923 hh:mm:ss,8.604509,22.5,7,2,8,9,9,7,5
Diagnostics_516_20JAN2023_181,1536,181,0:00:00.169055 hh:mm:ss,8.653282,23.2,8,2,8,9,7,6,6
Diagnostics_517_22JAN2023_2340,4860,2340,0:00:00.572469 hh:mm:ss,7.561025,23.3,6,1,4,9,7,7,6
Diagnostics_518_23JAN2023_520,3024,520,0:00:00.316155 hh:mm:ss,7.306615,19.1,4,1,5,9,8,7,5
Diagnostics_519_24JAN2023_416,1792,416,0:00:00.192486 hh:mm:ss,8.666108,22.7,5,1,6,9,9,7,6
Diagnostics_51_22MAR2021_552,768,552,0:00:00.081781 hh:mm:ss,4.568692,16.1,6,1,5,7,6,6,6
Diagnostics_520_25JAN2023_408,1792,408,0:00:00.193488 hh:mm:ss,7.996578,21.7,6,1,5,9,9,7,6
Diagnostics_521_26JAN2023_186,1620,186,0:00:00.178522 hh:mm:ss,8.022654,20.1,8,2,5,7,7,6,6
Diagnostics_522_30JAN2023_1501,1800,1501,0:00:00.221408 hh:mm:ss,5.516871,18.6,6,2,4,7,7,7,7
Diagnostics_523_31JAN2023_1596,4050,1596,0:00:00.419502 hh:mm:ss,6.885682,20.2,7,2,6,9,8,6,6
Diagnostics_524_01FEB2023_2472,4860,2472,0:00:00.526726 hh:mm:ss,8.048024,25.1,7,1,7,8,7,6,6
Diagnostics_525_02FEB2023_5040,6480,5040,0:00:00.699735 hh:mm:ss,8.235,24.5,6,1,5,9,8,6,6
Diagnostics_526_03FEB2023_1536,3888,1536,0:00:00.443534 hh:mm:ss,8.178019,24.0,7,1,7,8,7,5,5
Diagnostics_527_04FEB2023_5040,9720,5040,0:00:01.093451 hh:mm:ss,8.774123,26.7,6,1,5,9,7,5,5
Diagnostics_528_05FEB2023_792,2592,792,0:00:00.284060 hh:mm:ss,8.045418,24.7,6,1,5,8,7,6,5
Diagnostics_529_06FEB2023_1033,3888,1033,0:00:00.427092 hh:mm:ss,8.685503,26.1,7,2,8,9,8,7,6
Diagnostics_52_23MAR2021_2274,5184,2274,0:00:00.569483 hh:mm:ss,7.297953,27.1,6,1,8,9,6,5,5
Diagnostics_530_07FEB2023_1491,5670,1491,0:00:00.627322 hh:mm:ss,7.46732,28.6,6,2,5,10,8,7,6
Diagnostics_531_08FEB2023_681,2592,681,0:00:00.276790 hh:mm:ss,7.157405,22.4,6,2,5,9,7,6,5
Diagnostics_532_09FEB2023_1915,4860,1915,0:00:00.511621 hh:mm:ss,7.823631,22.3,7,2,6,9,8,6,6
Diagnostics_533_10FEB2023_187,1296,187,0:00:00.139652 hh:mm:ss,6.977623,22.4,7,2,7,8,7,6,6
Diagnostics_534_11FEB2023_8,12,8,0:00:00.001994 hh:mm:ss,7.708681,14.7,0,0,1,1,1,2,3
Diagnostics_535_12FEB2023_811,1620,811,0:00:00.167555 hh:mm:ss,6.032253,15.3,7,2,4,5,6,6,6
Diagnostics_536_13FEB2023_81,256,81,0:00:00.027655 hh:mm:ss,5.704639,15.8,7,2,4,5,4,5,4
Diagnostics_537_14FEB2023_1800,3645,1800,0:00:00.384507 hh:mm:ss,5.002735,17.5,6,1,4,6,6,6,6
Diagnostics_538_15FEB2023_1024,1536,1024,0:00:00.161568 hh:mm:ss,6.387978,20.4,6,1,5,8,7,6,6
Diagnostics_539_16FEB2023_720,2592,720,0:00:00.302191 hh:mm:ss,6.638917,18.1,6,1,5,7,7,6,5
Diagnostics_53_24MAR2021_1005,4860,1005,0:00:00.510802 hh:mm:ss,10.551271,28.7,6,1,5,9,9,7,5
Diagnostics_540_17FEB2023_1070,2700,1070,0:00:00.290202 hh:mm:ss,6.198486,19.3,7,1,5,8,6,6,6
Diagnostics_541_18FEB2023_745,2592,745,0:00:00.273300 hh:mm:ss,7.005151,18.2,6,2,7,8,8,7,6
Diagnostics_542_19FEB2023_2401,3456,2401,0:00:00.362178 hh:mm:ss,6.83245,18.3,7,2,6,8,7,6,6
Diagnostics_543_20FEB2023_695,2700,695,0:00:00.287232 hh:mm:ss,5.480534,17.7,6,1,5,8,7,6,5
Diagnostics_544_21FEB2023_2022,4860,2022,0:00:00.515595 hh:mm:ss,7.272917,17.1,6,1,7,8,8,6,6
Diagnostics_545_22FEB2023_3408,8748,3408,0:00:00.932030 hh:mm:ss,9.215535,26.3,5,1,8,9,8,6,6
Diagnostics_546_23FEB2023_552,2304,552,0:00:00.252325 hh:mm:ss,10.216246,27.1,7,1,7,9,7,6,5
Diagnostics_547_24FEB2023_572,3072,572,0:00:00.329231 hh:mm:ss,9.311546,25.2,7,1,10,9,9,7,6
Diagnostics_548_25FEB2023_2832,7290,2832,0:00:00.783966 hh:mm:ss,9.417889,25.7,7,1,8,9,8,6,6
Diagnostics_549_26FEB2023_1554,9720,1554,0:00:01.076097 hh:mm:ss,9.513418,23.4,6,1,7,9,8,6,5
Diagnostics_54_25MAR2021_945,7560,945,0:00:00.796008 hh:mm:ss,8.187357,21.6,5,1,4,9,9,7,5
Diagnostics_550_27FEB2023_1016,2592,1016,0:00:00.274268 hh:mm:ss,7.692212,23.4,7,1,5,9,8,6,6
Diagnostics_551_28FEB2023_845,3240,845,0:00:00.353056 hh:mm:ss,8.486691,23.7,6,1,7,9,8,7,6
Diagnostics_552_01MAR2023_3188,6912,3188,0:00:00.733457 hh:mm:ss,8.810615,24.9,7,1,9,9,8,7,6
Diagnostics_553_02MAR2023_889,6048,889,0:00:00.660768 hh:mm:ss,8.34869,24.3,7,1,8,8,8,7,4
Diagnostics_554_03MAR2023_690,3888,690,0:00:00.416911 hh:mm:ss,8.285785,23.7,7,1,8,9,8,7,5
Diagnostics_555_04MAR2023_2510,5400,2510,0:00:00.587146 hh:mm:ss,9.09736,25.9,7,1,7,9,8,6,5
Diagnostics_556_05MAR2023_637,4032,637,0:00:00.439625 hh:mm:ss,8.779637,25.7,8,1,9,9,8,7,6
Diagnostics_557_06MAR2023_245,2700,245,0:00:00.291037 hh:mm:ss,8.193014,23.1,7,1,6,8,7,5,5
Diagnostics_558_09MAR2023_1302,4860,1302,0:00:00.526592 hh:mm:ss,8.58942,25.2,7,1,7,9,7,6,5
Diagnostics_559_10MAR2023_1729,5040,1729,0:00:00.560654 hh:mm:ss,8.382494,23.8,7,1,8,9,7,7,6
Diagnostics_55_27MAR2021_2905,7560,2905,0:00:00.820488 hh:mm:ss,9.680221,27.5,6,1,9,9,5,5,5
Diagnostics_560_11MAR2023_1260,4860,1260,0:00:00.533905 hh:mm:ss,7.886054,25.5,6,1,4,9,7,6,5
Diagnostics_561_12MAR2023_690,2592,690,0:00:00.280813 hh:mm:ss,8.951767,23.9,7,1,8,9,8,7,6
Diagnostics_562_16MAR2023_2070,4860,2070,0:00:00.524700 hh:mm:ss,8.417934,25.6,6,1,5,9,7,6,6
Diagnostics_563_18MAR2023_2250,4860,2250,0:00:00.525613 hh:mm:ss,7.512993,21.3,5,1,4,8,8,6,6
Diagnostics_564_19MAR2023_3640,7560,3640,0:00:00.833771 hh:mm:ss,8.627303,28.1,6,1,9,9,9,7,7
Diagnostics_565_20MAR2023_2821,6048,2821,0:00:00.660461 hh:mm:ss,9.063531,28.1,7,1,8,9,8,7,6
Diagnostics_566_21MAR2023_2036,4608,2036,0:00:00.507173 hh:mm:ss,9.16038,30.1,7,1,9,9,8,6,6
Diagnostics_567_24MAR2023_1670,4050,1670,0:00:00.440543 hh:mm:ss,7.068026,20.7,5,1,6,8,8,7,7
Diagnostics_568_25MAR2023_1788,3024,1788,0:00:00.326127 hh:mm:ss,10.719881,29.7,7,1,10,9,8,8,7
Diagnostics_569_26MAR2023_3725,5040,3725,0:00:00.561473 hh:mm:ss,9.180727,25.8,6,1,7,9,7,6,6
Diagnostics_56_28MAR2021_4985,9720,4985,0:00:01.046202 hh:mm:ss,8.377524,23.1,6,1,7,9,9,7,6
Diagnostics_570_27MAR2023_852,3456,852,0:00:00.368017 hh:mm:ss,8.746124,29.9,7,1,10,10,8,7,6
Diagnostics_571_28MAR2023_2255,5040,2255,0:00:00.539791 hh:mm:ss,10.56527,28.9,6,1,8,10,9,8,7
Diagnostics_572_29MAR2023_772,3024,772,0:00:00.326090 hh:mm:ss,9.834956,27.1,7,1,9,9,8,8,6
Diagnostics_573_30MAR2023_852,4320,852,0:00:00.492888 hh:mm:ss,10.012169,31.3,7,1,8,10,9,7,6
Diagnostics_574_31MAR2023_1835,7560,1835,0:00:00.806979 hh:mm:ss,8.942466,27.8,6,1,7,10,7,6,5
Diagnostics_575_01APR2023_1813,4536,1813,0:00:00.488294 hh:mm:ss,8.165869,25.3,7,1,8,9,8,6,6
Diagnostics_576_02APR2023_2291,5670,2291,0:00:00.634121 hh:mm:ss,10.019692,27.9,8,2,9,9,8,6,6
Diagnostics_577_03APR2023_1414,5040,1414,0:00:00.546538 hh:mm:ss,7.278917,23.2,7,1,8,9,8,6,5
Diagnostics_578_04APR2023_4025,8505,4025,0:00:00.927337 hh:mm:ss,8.940072,24.5,7,1,6,10,7,7,7
Diagnostics_579_05APR2023_2832,7290,2832,0:00:00.769595 hh:mm:ss,7.930794,23.0,6,1,7,8,8,6,6
Diagnostics_57_29MAR2021_3137,6048,3137,0:00:00.654260 hh:mm:ss,8.348453,22.0,6,2,8,9,8,6,6
Diagnostics_580_09APR2023_4355,8505,4355,0:00:00.938064 hh:mm:ss,10.454643,26.4,7,1,7,10,8,7,7
Diagnostics_581_10APR2023_320,2880,320,0:00:00.308290 hh:mm:ss,10.970965,26.2,6,1,8,10,8,7,7
Diagnostics_582_11APR2023_1951,4860,1951,0:00:00.516680 hh:mm:ss,9.767039,28.6,7,2,8,9,8,6,6
Diagnostics_583_12APR2023_2677,6912,2677,0:00:00.762986 hh:mm:ss,9.090187,25.6,6,2,9,10,8,6,6
Diagnostics_584_13APR2023_875,5040,875,0:00:00.536957 hh:mm:ss,9.676461,26.2,6,1,6,10,8,7,6
Diagnostics_585_14APR2023_1932,4320,1932,0:00:00.463703 hh:mm:ss,6.853554,20.1,6,1,7,9,8,6,6
Diagnostics_586_15APR2023_3536,7560,3536,0:00:00.834800 hh:mm:ss,10.005131,28.6,8,2,9,10,9,7,7
Diagnostics_587_16APR2023_1733,4032,1733,0:00:00.444810 hh:mm:ss,8.946129,34.5,7,2,10,9,7,6,6
Diagnostics_588_17APR2023_1180,4320,1180,0:00:00.500777 hh:mm:ss,10.645025,31.2,7,1,10,10,9,7,6
Diagnostics_589_18APR2023_1939,7560,1939,0:00:00.809487 hh:mm:ss,8.260911,23.9,7,1,8,9,7,6,5
Diagnostics_58_30MAR2021_1890,4320,1890,0:00:00.466752 hh:mm:ss,7.092318,22.1,5,1,4,9,8,5,5
Diagnostics_590_19APR2023_152,2304,152,0:00:00.242408 hh:mm:ss,7.155924,20.3,6,1,5,9,7,5,5
Diagnostics_591_20APR2023_3725,4860,3725,0:00:00.531086 hh:mm:ss,8.324553,24.6,6,1,6,9,7,6,6
Diagnostics_592_22APR2023_792,2592,792,0:00:00.287236 hh:mm:ss,7.271499,22.1,6,1,5,8,8,6,5
Diagnostics_593_23APR2023_3732,7290,3732,0:00:00.799480 hh:mm:ss,7.175865,21.8,5,1,7,9,8,7,6
Diagnostics_594_24APR2023_710,3600,710,0:00:00.388959 hh:mm:ss,8.157388,22.8,7,1,7,9,8,6,5
Diagnostics_595_25APR2023_2296,4536,2296,0:00:00.493680 hh:mm:ss,8.233922,23.8,7,1,8,9,8,7,6
Diagnostics_596_26APR2023_720,3240,720,0:00:00.341113 hh:mm:ss,6.081403,17.3,5,1,4,8,8,6,5
Diagnostics_597_27APR2023_968,2016,968,0:00:00.213934 hh:mm:ss,6.745369,20.0,5,1,5,9,8,8,7
Diagnostics_598_30APR2023_1392,5400,1392,0:00:00.580019 hh:mm:ss,8.057784,23.3,6,1,8,10,8,6,5
Diagnostics_599_01MAY2023_1025,4320,1025,0:00:00.471002 hh:mm:ss,8.484332,23.1,6,1,7,10,8,6,5
Diagnostics_59_31MAR2021_1033,5184,1033,0:00:00.557681 hh:mm:ss,8.289034,24.7,6,2,8,9,8,6,5
Diagnostics_5_31JAN2021_275,2400,275,0:00:00.259307 hh:mm:ss,8.122678,30.8,6,1,7,8,6,5,5
Diagnostics_600_02MAY2023_2036,4608,2036,0:00:00.485455 hh:mm:ss,8.990117,24.4,7,1,9,9,8,7,6
Diagnostics_601_03MAY2023_240,2160,240,0:00:00.235415 hh:mm:ss,6.848554,20.9,7,1,4,6,6,5,5
Diagnostics_602_04MAY2023_1750,7560,1750,0:00:00.829932 hh:mm:ss,7.985174,22.5,7,1,9,9,9,8,5
Diagnostics_603_05MAY2023_2610,4860,2610,0:00:00.520087 hh:mm:ss,7.642835,21.5,6,1,5,9,8,7,6
Diagnostics_604_07MAY2023_3841,7776,3841,0:00:00.843192 hh:mm:ss,9.80246,24.9,6,2,8,10,9,7,6
Diagnostics_605_08MAY2023_2277,5670,2277,0:00:00.613789 hh:mm:ss,8.898672,27.7,7,3,8,9,8,6,6
Diagnostics_606_09MAY2023_1573,5832,1573,0:00:00.632770 hh:mm:ss,9.145329,25.0,6,2,8,10,8,7,6
Diagnostics_607_10MAY2023_3125,6048,3125,0:00:00.658454 hh:mm:ss,8.095574,24.5,7,2,9,9,9,7,7
Diagnostics_608_11MAY2023_2786,6480,2786,0:00:00.700152 hh:mm:ss,8.916762,25.6,7,2,9,9,9,6,6
Diagnostics_609_12MAY2023_1393,2592,1393,0:00:00.274293 hh:mm:ss,6.241768,21.1,6,2,6,8,8,7,6
Diagnostics_60_03APR2021_2070,4860,2070,0:00:00.514432 hh:mm:ss,7.46946,19.1,5,1,4,9,9,6,6
Diagnostics_610_13MAY2023_1573,3240,1573,0:00:00.344889 hh:mm:ss,7.24903,22.4,6,2,7,9,8,6,6
Diagnostics_611_14MAY2023_1122,2592,1122,0:00:00.277798 hh:mm:ss,8.621876,27.1,7,1,7,8,7,6,6
Diagnostics_612_17MAY2023_1789,7776,1789,0:00:00.866684 hh:mm:ss,9.784664,30.4,7,2,8,9,7,6,5
Diagnostics_613_18MAY2023_601,5184,601,0:00:00.562495 hh:mm:ss,10.250683,31.3,7,2,8,10,9,6,6
Diagnostics_614_19MAY2023_3726,7560,3726,0:00:00.831037 hh:mm:ss,9.973928,31.8,7,2,7,9,7,6,6
Diagnostics_615_20MAY2023_2664,3456,2664,0:00:00.379788 hh:mm:ss,8.590721,23.4,6,1,5,8,7,6,7
Diagnostics_616_21MAY2023_790,1280,790,0:00:00.124680 hh:mm:ss,27.326971,22.9,0,0,5,7,5,6,6
Diagnostics_617_21MAY2023_1479,3000,1479,0:00:00.290874 hh:mm:ss,24.247774,17.6,0,0,6,7,6,6,6
Diagnostics_618_21MAY2023_1562,3125,1562,0:00:00.336101 hh:mm:ss,35.448272,39.9,0,0,6,6,6,6,6
Diagnostics_619_21MAY2023_1187,2500,1187,0:00:00.236393 hh:mm:ss,27.035988,21.9,0,0,6,6,6,5,6
Diagnostics_61_07APR2021_1032,2592,1032,0:00:00.273270 hh:mm:ss,5.753799,17.9,7,1,6,8,5,5,5
Diagnostics_620_21MAY2023_752,1500,752,0:00:00.151106 hh:mm:ss,23.143034,16.9,0,0,6,6,6,6,6
Diagnostics_621_21MAY2023_832,1600,832,0:00:00.149627 hh:mm:ss,20.323055,12.6,0,0,7,6,5,7,6
Diagnostics_622_21MAY2023_1562,3125,1562,0:00:00.309702 hh:mm:ss,30.626949,27.9,0,0,6,6,6,6,6
Diagnostics_623_21MAY2023_2646,6480,2646,0:00:00.708627 hh:mm:ss,7.045027,23.6,6,2,6,9,8,5,5
Diagnostics_624_22MAY2023_9,32,9,0:00:00.003989 hh:mm:ss,5.596012,17.2,0,0,8,9,8,9,8
Diagnostics_625_23MAY2023_943,4320,943,0:00:00.467314 hh:mm:ss,8.19759,23.4,6,2,7,8,8,6,5
Diagnostics_626_24MAY2023_2277,4536,2277,0:00:00.501350 hh:mm:ss,8.739285,24.4,6,2,8,9,8,7,6
Diagnostics_627_25MAY2023_2473,4860,2473,0:00:00.541264 hh:mm:ss,9.304189,31.2,6,2,7,9,8,7,6
Diagnostics_628_26MAY2023_2654,6048,2654,0:00:00.642282 hh:mm:ss,8.443933,22.0,5,2,8,8,8,6,6
Diagnostics_629_27MAY2023_1295,4860,1295,0:00:00.520633 hh:mm:ss,8.625897,24.7,6,1,6,9,8,7,6
Diagnostics_62_08APR2021_1968,2592,1968,0:00:00.268630 hh:mm:ss,8.037638,17.0,8,1,7,9,8,6,6
Diagnostics_630_28MAY2023_2359,7560,2359,0:00:00.812757 hh:mm:ss,10.236506,25.7,7,1,8,9,9,7,6
Diagnostics_631_29MAY2023_931,1620,931,0:00:00.179521 hh:mm:ss,10.439487,25.6,8,2,4,5,6,7,6
Diagnostics_632_31MAY2023_2325,2700,2325,0:00:00.300173 hh:mm:ss,7.551048,24.1,6,1,4,7,7,7,7
Diagnostics_633_01JUN2023_2088,2592,2088,0:00:00.277259 hh:mm:ss,7.007214,22.2,6,1,5,8,8,6,6
Diagnostics_634_02JUN2023_2015,4320,2015,0:00:00.479180 hh:mm:ss,6.736015,20.3,7,1,6,8,8,8,6
Diagnostics_635_03JUN2023_1446,11664,1446,0:00:01.230773 hh:mm:ss,7.861114,22.9,6,1,7,9,9,8,5
Diagnostics_636_04JUN2023_492,2160,492,0:00:00.232967 hh:mm:ss,8.189487,21.7,7,1,7,9,8,7,6
Diagnostics_637_05JUN2023_485,3240,485,0:00:00.337099 hh:mm:ss,7.217216,20.4,6,1,6,9,8,7,5
Diagnostics_638_06JUN2023_395,3600,395,0:00:00.389226 hh:mm:ss,6.426679,19.0,6,1,6,9,8,7,5
Diagnostics_639_07JUN2023_2630,6480,2630,0:00:00.718948 hh:mm:ss,6.910686,19.3,5,1,5,9,8,5,5
Diagnostics_63_09APR2021_2130,2304,2130,0:00:00.239766 hh:mm:ss,6.53849,17.3,7,1,7,8,7,6,6
Diagnostics_640_08JUN2023_620,2700,620,0:00:00.284745 hh:mm:ss,5.835569,19.4,6,1,5,8,6,6,5
Diagnostics_641_12JUN2023_352,1536,352,0:00:00.165556 hh:mm:ss,6.178796,21.5,6,1,5,8,8,6,5
Diagnostics_642_13JUN2023_1932,4860,1932,0:00:00.528442 hh:mm:ss,7.416216,22.4,6,1,7,9,8,6,6
Diagnostics_643_14JUN2023_2464,5040,2464,0:00:00.546156 hh:mm:ss,7.207724,19.4,6,1,8,9,9,7,6
Diagnostics_644_15JUN2023_420,3240,420,0:00:00.339118 hh:mm:ss,5.387128,18.2,5,1,4,7,7,7,5
Diagnostics_645_21JUN2023_225,720,225,0:00:00.079812 hh:mm:ss,5.934691,18.3,6,1,4,6,5,6,5
Diagnostics_646_22JUN2023_520,2688,520,0:00:00.289886 hh:mm:ss,6.78376,18.7,5,1,5,9,8,6,5
Diagnostics_647_23JUN2023_665,4320,665,0:00:00.460278 hh:mm:ss,6.443807,18.0,6,1,6,9,9,7,5
Diagnostics_648_24JUN2023_665,4320,665,0:00:00.457832 hh:mm:ss,7.033709,19.9,6,1,6,9,9,7,5
Diagnostics_649_25JUN2023_637,4032,637,0:00:00.429877 hh:mm:ss,7.978512,21.1,7,1,8,9,9,7,5
Diagnostics_64_10APR2021_1980,4320,1980,0:00:00.449231 hh:mm:ss,7.343785,19.7,6,1,5,8,9,7,6
Diagnostics_650_26JUN2023_2544,5184,2544,0:00:00.544550 hh:mm:ss,7.219145,20.7,6,1,7,9,7,6,5
Diagnostics_651_27JUN2023_935,4320,935,0:00:00.463760 hh:mm:ss,6.741432,21.2,6,1,6,8,8,6,5
Diagnostics_652_28JUN2023_805,3024,805,0:00:00.323162 hh:mm:ss,7.010976,18.9,6,1,8,9,8,7,6
Diagnostics_653_03JUL2023_525,2700,525,0:00:00.297206 hh:mm:ss,5.914665,19.9,5,1,4,8,8,7,5
Diagnostics_654_04JUL2023_736,1728,736,0:00:00.211942 hh:mm:ss,7.370262,20.0,6,1,6,9,9,7,6
Diagnostics_655_05JUL2023_520,2688,520,0:00:00.281825 hh:mm:ss,7.111631,19.6,5,1,5,9,8,6,5
Diagnostics_656_06JUL2023_805,4032,805,0:00:00.424425 hh:mm:ss,6.744737,19.6,6,1,8,9,8,6,5
Diagnostics_657_07JUL2023_22,32,22,0:00:00.002992 hh:mm:ss,4.913448,13.5,0,0,9,8,9,8,9
Diagnostics_658_07JUL2023_22,32,22,0:00:00.002992 hh:mm:ss,4.125813,10.7,0,0,9,8,9,8,9
Diagnostics_659_07JUL2023_9,32,9,0:00:00.002992 hh:mm:ss,2.966858,4.9,0,0,8,9,8,9,8
Diagnostics_65_11APR2021_2485,4032,2485,0:00:00.436040 hh:mm:ss,8.037001,22.2,7,1,8,9,8,5,6
Diagnostics_660_09JUL2023_480,1440,480,0:00:00.176039 hh:mm:ss,5.065194,15.1,4,1,4,7,7,7,6
Diagnostics_661_09JUL2023_1608,3240,1608,0:00:00.349400 hh:mm:ss,4.628941,15.5,5,1,5,8,8,7,6
Diagnostics_662_09JUL2023_22,32,22,0:00:00.003989 hh:mm:ss,6.617619,23.9,0,0,9,8,9,8,9
Diagnostics_663_09JUL2023_9,32,9,0:00:00.003989 hh:mm:ss,6.874272,25.1,0,0,8,9,8,9,8
Diagnostics_664_10JUL2023_3325,8505,3325,0:00:00.923531 hh:mm:ss,7.019636,20.6,6,1,9,9,8,6,6
Diagnostics_665_11JUL2023_2107,4536,2107,0:00:00.473733 hh:mm:ss,6.610226,18.8,6,1,8,9,8,6,6
Diagnostics_666_12JUL2023_469,3024,469,0:00:00.311194 hh:mm:ss,6.523186,17.2,6,1,8,9,8,8,6
Diagnostics_667_13JUL2023_889,6048,889,0:00:00.668277 hh:mm:ss,5.893165,20.3,6,1,9,9,9,7,5
Diagnostics_668_14JUL2023_501,1344,501,0:00:00.141650 hh:mm:ss,6.821441,16.9,4,2,10,9,9,9,8
Diagnostics_669_15JUL2023_2201,2520,2201,0:00:00.269886 hh:mm:ss,7.129656,20.1,4,2,10,9,9,9,9
Diagnostics_66_13APR2021_1813,3024,1813,0:00:00.323727 hh:mm:ss,7.610208,19.4,7,1,8,9,8,6,6
Diagnostics_670_23JUL2023_536,2160,536,0:00:00.227423 hh:mm:ss,8.656577,21.3,4,2,10,10,9,9,8
Diagnostics_671_03SEP2023_9,32,9,0:00:00.002992 hh:mm:ss,5.235808,15.9,0,0,8,9,8,9,8
Diagnostics_672_25AUG2023_1121,5040,1121,0:00:00.540041 hh:mm:ss,7.178662,23.6,5,2,9,9,9,7,6
Diagnostics_673_26AUG2023_1477,2016,1477,0:00:00.213429 hh:mm:ss,10.487249,25.1,9,1,9,10,9,9,9
Diagnostics_674_27AUG2023_2421,4536,2421,0:00:00.483734 hh:mm:ss,6.108536,24.9,9,3,9,9,9,9,8
Diagnostics_675_28AUG2023_987,3240,987,0:00:00.347098 hh:mm:ss,7.584548,22.4,8,3,9,9,9,8,7
Diagnostics_676_29AUG2023_1147,1200,1147,0:00:00.129654 hh:mm:ss,12.355908,28.0,20,3,6,9,9,9,9
Diagnostics_677_30AUG2023_1925,4320,1925,0:00:00.457043 hh:mm:ss,7.996644,21.3,6,1,7,10,9,8,7
Diagnostics_678_31AUG2023_1381,1680,1381,0:00:00.211282 hh:mm:ss,14.193747,29.1,9,2,4,4,5,9,9
Diagnostics_679_02SEP2023_530,1728,530,0:00:00.184652 hh:mm:ss,8.309538,28.6,20,3,7,9,9,9,8
Diagnostics_67_14APR2021_906,6480,906,0:00:00.697282 hh:mm:ss,9.293976,25.6,6,1,7,10,7,5,5
Diagnostics_680_03SEP2023_632,2688,632,0:00:00.283242 hh:mm:ss,8.072564,19.5,6,1,6,10,9,9,6
Diagnostics_68_15APR2021_3096,7776,3096,0:00:00.845739 hh:mm:ss,8.6301,21.6,6,1,6,9,9,6,6
Diagnostics_69_16APR2021_544,1920,544,0:00:00.203456 hh:mm:ss,7.85873,19.6,6,1,6,9,9,7,5
Diagnostics_6_31JAN2021_402,2592,402,0:00:00.311060 hh:mm:ss,7.596872,26.5,7,1,7,8,6,5,5
Diagnostics_70_18APR2021_3192,7776,3192,0:00:00.827898 hh:mm:ss,10.766736,27.4,6,1,8,10,7,5,5
Diagnostics_71_19APR2021_4820,9720,4820,0:00:01.064281 hh:mm:ss,10.531188,29.6,6,1,7,9,6,5,5
Diagnostics_72_20APR2021_2675,6300,2675,0:00:00.694704 hh:mm:ss,12.330715,32.3,7,1,7,9,7,5,5
Diagnostics_73_20APR2021_1444,2240,1444,0:00:00.242352 hh:mm:ss,10.363799,32.0,7,1,9,9,7,5,6
Diagnostics_74_21APR2021_3157,4032,3157,0:00:00.452969 hh:mm:ss,9.061976,24.1,7,1,8,9,8,6,6
Diagnostics_75_22APR2021_648,5184,648,0:00:00.540266 hh:mm:ss,8.018298,18.9,8,1,5,7,9,7,5
Diagnostics_76_25APR2021_3330,4320,3330,0:00:00.472761 hh:mm:ss,8.381229,22.0,5,1,4,9,8,6,6
Diagnostics_77_26APR2021_2130,3456,2130,0:00:00.373030 hh:mm:ss,7.936675,22.8,7,1,8,9,8,5,6
Diagnostics_78_27APR2021_637,4032,637,0:00:00.421872 hh:mm:ss,8.995782,21.5,7,1,8,9,9,7,5
Diagnostics_79_28APR2021_402,2880,402,0:00:00.308697 hh:mm:ss,7.399251,22.8,7,1,8,9,7,5,5
Diagnostics_7_01FEB2021_1032,1536,1032,0:00:00.164068 hh:mm:ss,10.156048,23.7,6,1,7,9,7,5,6
Diagnostics_80_29APR2021_2015,4860,2015,0:00:00.512139 hh:mm:ss,6.037706,17.6,7,1,6,8,9,6,6
Diagnostics_81_02MAY2021_4812,9720,4812,0:00:01.061018 hh:mm:ss,7.849556,30.7,7,1,7,9,6,5,5
Diagnostics_82_03MAY2021_665,4320,665,0:00:00.460160 hh:mm:ss,7.410952,21.9,7,1,6,9,9,7,5
Diagnostics_83_03MAY2021_1932,4860,1932,0:00:00.520608 hh:mm:ss,7.027877,23.2,7,1,7,9,8,6,6
Diagnostics_84_04MAY2021_410,3600,410,0:00:00.393495 hh:mm:ss,8.210968,23.0,6,1,7,9,8,5,5
Diagnostics_85_05MAY2021_1470,5670,1470,0:00:00.607088 hh:mm:ss,8.397263,24.4,6,1,4,10,8,7,5
Diagnostics_86_07MAY2021_852,4860,852,0:00:00.512679 hh:mm:ss,7.496558,21.2,7,1,7,9,8,7,5
Diagnostics_87_08MAY2021_2610,4860,2610,0:00:00.514297 hh:mm:ss,8.197894,23.1,6,1,5,9,9,7,6
Diagnostics_88_09MAY2021_2675,6300,2675,0:00:00.675194 hh:mm:ss,9.529157,25.5,7,1,7,9,7,5,5
Diagnostics_89_10MAY2021_680,4320,680,0:00:00.488693 hh:mm:ss,8.678655,24.5,7,1,7,9,9,7,5
Diagnostics_8_02FEB2021_836,4032,836,0:00:00.431845 hh:mm:ss,7.948313,26.7,6,1,9,8,5,5,5
Diagnostics_90_11MAY2021_690,2880,690,0:00:00.314205 hh:mm:ss,7.204615,24.3,6,1,8,9,9,6,5
Diagnostics_91_12MAY2021_485,4320,485,0:00:00.460773 hh:mm:ss,7.739735,26.4,6,1,6,9,8,5,5
Diagnostics_92_12MAY2021_2760,4320,2760,0:00:00.489965 hh:mm:ss,9.833504,28.8,6,1,8,9,7,5,6
Diagnostics_93_17MAY2021_2989,4032,2989,0:00:00.435954 hh:mm:ss,9.142652,22.9,7,1,8,9,9,6,6
Diagnostics_94_18MAY2021_4095,6720,4095,0:00:00.736027 hh:mm:ss,10.378187,32.3,6,1,4,10,6,5,6
Diagnostics_95_19MAY2021_4974,5760,4974,0:00:00.636427 hh:mm:ss,7.291823,23.6,7,1,7,10,6,6,6
Diagnostics_96_20MAY2021_2088,2688,2088,0:00:00.284420 hh:mm:ss,5.363683,22.4,6,1,5,9,8,6,6
Diagnostics_97_28MAY2021_1032,2592,1032,0:00:00.270281 hh:mm:ss,6.410424,16.3,7,1,6,8,6,6,5
Diagnostics_98_29MAY2021_1460,3600,1460,0:00:00.390980 hh:mm:ss,7.011498,26.9,6,1,6,8,6,5,5
Diagnostics_99_31MAY2021_510,1944,510,0:00:00.230410 hh:mm:ss,7.057729,21.0,7,1,7,8,7,6,5
Diagnostics_9_04FEB2021_2274,2592,2274,0:00:00.280383 hh:mm:ss,5.576231,25.4,6,1,7,7,6,6,6
